timestamp,ticker,close,volume
2026-06-12T00:00:00+00:00,AAPL,166.8707,1012483
2026-06-12T00:01:00+00:00,AAPL,167.9888,1428636
2026-06-12T00:02:00+00:00,AAPL,168.1991,1188729
2026-06-12T00:03:00+00:00,AAPL,168.7681,933071
2026-06-12T00:04:00+00:00,AAPL,168.9583,903059
2026-06-12T00:05:00+00:00,AAPL,169.5149,1210191
2026-06-12T00:06:00+00:00,AAPL,170.1552,1080871
2026-06-12T00:07:00+00:00,AAPL,170.3475,1264689
2026-06-12T00:08:00+00:00,AAPL,171.7153,1366919
2026-06-12T00:09:00+00:00,AAPL,171.966,1516333
2026-06-12T00:10:00+00:00,AAPL,173.8227,1374681
2026-06-12T00:11:00+00:00,AAPL,174.788,1079090
2026-06-12T00:12:00+00:00,AAPL,175.8076,1612187
2026-06-12T00:13:00+00:00,AAPL,176.7947,1109301
2026-06-12T00:14:00+00:00,AAPL,176.4943,1113838
2026-06-12T00:15:00+00:00,AAPL,176.5703,1182490
2026-06-12T00:16:00+00:00,AAPL,177.3575,1090686
2026-06-12T00:17:00+00:00,AAPL,177.9986,1409145
2026-06-12T00:18:00+00:00,AAPL,181.1752,1932411
2026-06-12T00:19:00+00:00,AAPL,181.9664,1272351
2026-06-12T00:00:00+00:00,MSFT,156.6526,1215088
2026-06-12T00:01:00+00:00,MSFT,155.987,1458634
2026-06-12T00:02:00+00:00,MSFT,154.9499,1698295
2026-06-12T00:03:00+00:00,MSFT,155.194,1129438
2026-06-12T00:04:00+00:00,MSFT,156.0609,1387984
2026-06-12T00:05:00+00:00,MSFT,156.5222,1541499
2026-06-12T00:06:00+00:00,MSFT,157.5399,1101480
2026-06-12T00:07:00+00:00,MSFT,158.775,1701424
2026-06-12T00:08:00+00:00,MSFT,159.3878,1679191
2026-06-12T00:09:00+00:00,MSFT,158.9122,1202045
2026-06-12T00:10:00+00:00,MSFT,159.0744,1319095
2026-06-12T00:11:00+00:00,MSFT,158.6039,1310447
2026-06-12T00:12:00+00:00,MSFT,160.0629,1586328
2026-06-12T00:13:00+00:00,MSFT,158.965,1652094
2026-06-12T00:14:00+00:00,MSFT,160.5045,1767972
2026-06-12T00:15:00+00:00,MSFT,161.3683,1855272
2026-06-12T00:16:00+00:00,MSFT,162.0391,1304141
2026-06-12T00:17:00+00:00,MSFT,161.8338,1394602
2026-06-12T00:18:00+00:00,MSFT,165.9402,1863479
2026-06-12T00:19:00+00:00,MSFT,166.3807,1039904
2026-06-12T00:00:00+00:00,NVDA,54.9588,1255206
2026-06-12T00:01:00+00:00,NVDA,54.9792,1236693
2026-06-12T00:02:00+00:00,NVDA,55.2476,1480189
2026-06-12T00:03:00+00:00,NVDA,55.3365,1414204
2026-06-12T00:04:00+00:00,NVDA,55.9407,2173909
2026-06-12T00:05:00+00:00,NVDA,55.7292,1287626
2026-06-12T00:06:00+00:00,NVDA,55.646,1670853
2026-06-12T00:07:00+00:00,NVDA,55.9588,1965762
2026-06-12T00:08:00+00:00,NVDA,56.23,1289597
2026-06-12T00:09:00+00:00,NVDA,56.5393,1316050
2026-06-12T00:10:00+00:00,NVDA,56.2607,1319595
2026-06-12T00:11:00+00:00,NVDA,56.4319,1032396
2026-06-12T00:12:00+00:00,NVDA,56.2888,1471264
2026-06-12T00:13:00+00:00,NVDA,56.5475,1902752
2026-06-12T00:14:00+00:00,NVDA,56.5093,1422309
2026-06-12T00:15:00+00:00,NVDA,56.2451,1667597
2026-06-12T00:16:00+00:00,NVDA,56.9615,2183617
2026-06-12T00:17:00+00:00,NVDA,57.2597,1870192
2026-06-12T00:18:00+00:00,NVDA,58.4464,2116802
2026-06-12T00:19:00+00:00,NVDA,58.1877,1163058
2026-06-12T00:00:00+00:00,AMZN,297.9738,1369828
2026-06-12T00:01:00+00:00,AMZN,299.1363,1271279
2026-06-12T00:02:00+00:00,AMZN,299.6567,1050471
2026-06-12T00:03:00+00:00,AMZN,301.006,1284714
2026-06-12T00:04:00+00:00,AMZN,303.2524,1274055
2026-06-12T00:05:00+00:00,AMZN,305.0806,2037473
2026-06-12T00:06:00+00:00,AMZN,304.9264,1210833
2026-06-12T00:07:00+00:00,AMZN,304.8241,1279992
2026-06-12T00:08:00+00:00,AMZN,304.7352,1679326
2026-06-12T00:09:00+00:00,AMZN,305.9981,2034226
2026-06-12T00:10:00+00:00,AMZN,304.2529,1269220
2026-06-12T00:11:00+00:00,AMZN,305.1261,1178509
2026-06-12T00:12:00+00:00,AMZN,304.6308,1739988
2026-06-12T00:13:00+00:00,AMZN,306.2047,1320004
2026-06-12T00:14:00+00:00,AMZN,311.2193,2215626
2026-06-12T00:15:00+00:00,AMZN,312.1412,1220799
2026-06-12T00:16:00+00:00,AMZN,311.8693,1451204
2026-06-12T00:17:00+00:00,AMZN,311.8921,1769489
2026-06-12T00:18:00+00:00,AMZN,319.6433,2237817
2026-06-12T00:19:00+00:00,AMZN,317.3621,1600258
2026-06-12T00:00:00+00:00,GOOGL,100.3753,1834012
2026-06-12T00:01:00+00:00,GOOGL,99.5699,1699542
2026-06-12T00:02:00+00:00,GOOGL,99.8492,2061615
2026-06-12T00:03:00+00:00,GOOGL,101.1836,2592401
2026-06-12T00:04:00+00:00,GOOGL,101.6696,1952454
2026-06-12T00:05:00+00:00,GOOGL,100.4038,1781008
2026-06-12T00:06:00+00:00,GOOGL,99.7156,1332057
2026-06-12T00:07:00+00:00,GOOGL,99.61,1113262
2026-06-12T00:08:00+00:00,GOOGL,99.4613,1716971
2026-06-12T00:09:00+00:00,GOOGL,99.946,2169621
2026-06-12T00:10:00+00:00,GOOGL,98.2727,2981539
2026-06-12T00:11:00+00:00,GOOGL,98.732,2155149
2026-06-12T00:12:00+00:00,GOOGL,98.3098,1426211
2026-06-12T00:13:00+00:00,GOOGL,98.5881,1335640
2026-06-12T00:14:00+00:00,GOOGL,98.7673,1921168
2026-06-12T00:15:00+00:00,GOOGL,99.6179,2285217
2026-06-12T00:16:00+00:00,GOOGL,98.479,2410619
2026-06-12T00:17:00+00:00,GOOGL,98.5116,1134205
2026-06-12T00:18:00+00:00,GOOGL,97.5877,2267478
2026-06-12T00:19:00+00:00,GOOGL,96.1964,2518508
2026-06-12T00:00:00+00:00,META,232.1704,1702946
2026-06-12T00:01:00+00:00,META,235.0652,2615848
2026-06-12T00:02:00+00:00,META,236.8274,1851210
2026-06-12T00:03:00+00:00,META,236.3593,2085723
2026-06-12T00:04:00+00:00,META,236.0153,1285093
2026-06-12T00:05:00+00:00,META,234.6886,1489013
2026-06-12T00:06:00+00:00,META,237.2918,1721131
2026-06-12T00:07:00+00:00,META,235.1262,2432950
2026-06-12T00:08:00+00:00,META,237.6189,1948492
2026-06-12T00:09:00+00:00,META,237.0274,1736366
2026-06-12T00:10:00+00:00,META,236.9972,1980948
2026-06-12T00:11:00+00:00,META,236.9885,1689077
2026-06-12T00:12:00+00:00,META,232.3999,2508500
2026-06-12T00:13:00+00:00,META,231.4652,2149310
2026-06-12T00:14:00+00:00,META,231.8582,1412881
2026-06-12T00:15:00+00:00,META,230.5547,1639771
2026-06-12T00:16:00+00:00,META,230.56,1341406
2026-06-12T00:17:00+00:00,META,232.899,2008315
2026-06-12T00:18:00+00:00,META,235.6051,2003337
2026-06-12T00:19:00+00:00,META,238.6053,2192875
2026-06-12T00:00:00+00:00,TSLA,276.8557,2506499
2026-06-12T00:01:00+00:00,TSLA,275.1557,1991902
2026-06-12T00:02:00+00:00,TSLA,271.9913,1665488
2026-06-12T00:03:00+00:00,TSLA,271.1307,1757155
2026-06-12T00:04:00+00:00,TSLA,270.9325,1967105
2026-06-12T00:05:00+00:00,TSLA,270.8438,1346567
2026-06-12T00:06:00+00:00,TSLA,266.793,2575975
2026-06-12T00:07:00+00:00,TSLA,267.1644,1547005
2026-06-12T00:08:00+00:00,TSLA,263.9568,2704194
2026-06-12T00:09:00+00:00,TSLA,263.4115,1361111
2026-06-12T00:10:00+00:00,TSLA,261.6097,1771352
2026-06-12T00:11:00+00:00,TSLA,260.8286,2090647
2026-06-12T00:12:00+00:00,TSLA,257.7857,2649529
2026-06-12T00:13:00+00:00,TSLA,257.5895,2078008
2026-06-12T00:14:00+00:00,TSLA,254.654,2298615
2026-06-12T00:15:00+00:00,TSLA,255.7668,1901656
2026-06-12T00:16:00+00:00,TSLA,254.9803,1848796
2026-06-12T00:17:00+00:00,TSLA,252.8064,2100085
2026-06-12T00:18:00+00:00,TSLA,256.2013,2925947
2026-06-12T00:19:00+00:00,TSLA,255.1713,2340587
2026-06-12T00:00:00+00:00,AVGO,137.6463,2772312
2026-06-12T00:01:00+00:00,AVGO,137.03,1578846
2026-06-12T00:02:00+00:00,AVGO,137.333,1402106
2026-06-12T00:03:00+00:00,AVGO,137.6312,1578264
2026-06-12T00:04:00+00:00,AVGO,138.2678,2325413
2026-06-12T00:05:00+00:00,AVGO,138.5524,2264844
2026-06-12T00:06:00+00:00,AVGO,138.9886,2086839
2026-06-12T00:07:00+00:00,AVGO,139.6777,1608538
2026-06-12T00:08:00+00:00,AVGO,140.7463,1833280
2026-06-12T00:09:00+00:00,AVGO,139.7659,2695628
2026-06-12T00:10:00+00:00,AVGO,139.2824,2470910
2026-06-12T00:11:00+00:00,AVGO,139.7275,2278346
2026-06-12T00:12:00+00:00,AVGO,140.1285,1911849
2026-06-12T00:13:00+00:00,AVGO,140.7478,1805565
2026-06-12T00:14:00+00:00,AVGO,141.0517,2087249
2026-06-12T00:15:00+00:00,AVGO,141.6808,1444161
2026-06-12T00:16:00+00:00,AVGO,141.2916,1367746
2026-06-12T00:17:00+00:00,AVGO,141.2955,1557693
2026-06-12T00:18:00+00:00,AVGO,141.0385,1375584
2026-06-12T00:19:00+00:00,AVGO,140.8043,2327170
2026-06-12T00:00:00+00:00,AMD,361.3385,1598324
2026-06-12T00:01:00+00:00,AMD,360.6722,1416747
2026-06-12T00:02:00+00:00,AMD,360.4598,1453050
2026-06-12T00:03:00+00:00,AMD,358.7102,2018940
2026-06-12T00:04:00+00:00,AMD,361.0819,1917163
2026-06-12T00:05:00+00:00,AMD,359.1228,1718390
2026-06-12T00:06:00+00:00,AMD,360.8838,2358293
2026-06-12T00:07:00+00:00,AMD,359.6571,1546785
2026-06-12T00:08:00+00:00,AMD,362.0567,2132664
2026-06-12T00:09:00+00:00,AMD,362.9918,1488102
2026-06-12T00:10:00+00:00,AMD,365.3369,2596038
2026-06-12T00:11:00+00:00,AMD,364.5093,1485558
2026-06-12T00:12:00+00:00,AMD,365.0731,2298421
2026-06-12T00:13:00+00:00,AMD,364.7676,1809801
2026-06-12T00:14:00+00:00,AMD,363.8289,2448630
2026-06-12T00:15:00+00:00,AMD,365.9771,1890138
2026-06-12T00:16:00+00:00,AMD,367.7495,1796431
2026-06-12T00:17:00+00:00,AMD,369.6247,1653332
2026-06-12T00:18:00+00:00,AMD,370.2401,1585537
2026-06-12T00:19:00+00:00,AMD,371.036,1733256
2026-06-12T00:00:00+00:00,INTC,158.0472,1913141
2026-06-12T00:01:00+00:00,INTC,157.2468,1815466
2026-06-12T00:02:00+00:00,INTC,157.1103,1669731
2026-06-12T00:03:00+00:00,INTC,157.2363,1404931
2026-06-12T00:04:00+00:00,INTC,157.1324,1590570
2026-06-12T00:05:00+00:00,INTC,156.064,2306024
2026-06-12T00:06:00+00:00,INTC,156.5048,2455345
2026-06-12T00:07:00+00:00,INTC,156.4199,1851244
2026-06-12T00:08:00+00:00,INTC,154.8569,2395172
2026-06-12T00:09:00+00:00,INTC,155.0191,1966789
2026-06-12T00:10:00+00:00,INTC,154.1991,2038582
2026-06-12T00:11:00+00:00,INTC,152.0567,3342442
2026-06-12T00:12:00+00:00,INTC,151.8605,1867777
2026-06-12T00:13:00+00:00,INTC,150.8245,2137350
2026-06-12T00:14:00+00:00,INTC,151.368,1606290
2026-06-12T00:15:00+00:00,INTC,151.6348,2282839
2026-06-12T00:16:00+00:00,INTC,151.7237,1470791
2026-06-12T00:17:00+00:00,INTC,152.3235,2571083
2026-06-12T00:18:00+00:00,INTC,153.2731,2015489
2026-06-12T00:19:00+00:00,INTC,152.4007,1932632
2026-06-12T00:00:00+00:00,QCOM,152.9558,1969191
2026-06-12T00:01:00+00:00,QCOM,153.5467,1937735
2026-06-12T00:02:00+00:00,QCOM,156.5732,3425526
2026-06-12T00:03:00+00:00,QCOM,156.4242,1741873
2026-06-12T00:04:00+00:00,QCOM,157.7676,2356936
2026-06-12T00:05:00+00:00,QCOM,158.096,1514027
2026-06-12T00:06:00+00:00,QCOM,157.7716,2119119
2026-06-12T00:07:00+00:00,QCOM,159.0679,2107367
2026-06-12T00:08:00+00:00,QCOM,159.4889,1866200
2026-06-12T00:09:00+00:00,QCOM,160.0034,1681890
2026-06-12T00:10:00+00:00,QCOM,160.2717,1519606
2026-06-12T00:11:00+00:00,QCOM,160.9453,2011098
2026-06-12T00:12:00+00:00,QCOM,161.5752,2281817
2026-06-12T00:13:00+00:00,QCOM,163.4044,3150766
2026-06-12T00:14:00+00:00,QCOM,162.941,2639976
2026-06-12T00:15:00+00:00,QCOM,161.9789,2231602
2026-06-12T00:16:00+00:00,QCOM,160.9905,1915733
2026-06-12T00:17:00+00:00,QCOM,163.9968,3682296
2026-06-12T00:18:00+00:00,QCOM,167.0914,3905732
2026-06-12T00:19:00+00:00,QCOM,167.154,2447784
2026-06-12T00:00:00+00:00,MU,294.0513,1745248
2026-06-12T00:01:00+00:00,MU,291.1693,2801499
2026-06-12T00:02:00+00:00,MU,288.1504,3293147
2026-06-12T00:03:00+00:00,MU,288.9826,2688698
2026-06-12T00:04:00+00:00,MU,286.1124,3063264
2026-06-12T00:05:00+00:00,MU,284.8158,2647852
2026-06-12T00:06:00+00:00,MU,285.7468,1812621
2026-06-12T00:07:00+00:00,MU,287.0967,2207377
2026-06-12T00:08:00+00:00,MU,291.0051,3140207
2026-06-12T00:09:00+00:00,MU,294.2148,3060731
2026-06-12T00:10:00+00:00,MU,292.7004,2413907
2026-06-12T00:11:00+00:00,MU,291.1088,1754404
2026-06-12T00:12:00+00:00,MU,292.7579,2470229
2026-06-12T00:13:00+00:00,MU,289.9836,2795709
2026-06-12T00:14:00+00:00,MU,290.0782,2363128
2026-06-12T00:15:00+00:00,MU,289.8851,1807730
2026-06-12T00:16:00+00:00,MU,291.7524,2852484
2026-06-12T00:17:00+00:00,MU,292.8513,1936925
2026-06-12T00:18:00+00:00,MU,298.0622,3328143
2026-06-12T00:19:00+00:00,MU,292.4874,3176699
2026-06-12T00:00:00+00:00,ASML,230.6194,2480600
2026-06-12T00:01:00+00:00,ASML,228.4258,3088015
2026-06-12T00:02:00+00:00,ASML,229.9889,2281699
2026-06-12T00:03:00+00:00,ASML,231.0977,2851365
2026-06-12T00:04:00+00:00,ASML,230.8845,1595161
2026-06-12T00:05:00+00:00,ASML,233.6887,2286213
2026-06-12T00:06:00+00:00,ASML,233.876,2443905
2026-06-12T00:07:00+00:00,ASML,237.1236,3502625
2026-06-12T00:08:00+00:00,ASML,236.9785,2143681
2026-06-12T00:09:00+00:00,ASML,239.5803,2908058
2026-06-12T00:10:00+00:00,ASML,242.9153,2638127
2026-06-12T00:11:00+00:00,ASML,246.0156,3945486
2026-06-12T00:12:00+00:00,ASML,246.6302,2274677
2026-06-12T00:13:00+00:00,ASML,246.7206,2566058
2026-06-12T00:14:00+00:00,ASML,249.0325,2468481
2026-06-12T00:15:00+00:00,ASML,248.7668,1853562
2026-06-12T00:16:00+00:00,ASML,250.1955,2692330
2026-06-12T00:17:00+00:00,ASML,249.8497,1785891
2026-06-12T00:18:00+00:00,ASML,249.5621,1760490
2026-06-12T00:19:00+00:00,ASML,248.903,2768169
2026-06-12T00:00:00+00:00,TSM,246.7611,2720229
2026-06-12T00:01:00+00:00,TSM,245.0699,3387200
2026-06-12T00:02:00+00:00,TSM,245.0566,1597581
2026-06-12T00:03:00+00:00,TSM,245.5214,2362480
2026-06-12T00:04:00+00:00,TSM,244.1541,2113764
2026-06-12T00:05:00+00:00,TSM,245.04,2284986
2026-06-12T00:06:00+00:00,TSM,243.6636,1905230
2026-06-12T00:07:00+00:00,TSM,247.6689,4009087
2026-06-12T00:08:00+00:00,TSM,248.4678,3080957
2026-06-12T00:09:00+00:00,TSM,247.7107,2763266
2026-06-12T00:10:00+00:00,TSM,249.3293,2535353
2026-06-12T00:11:00+00:00,TSM,248.4011,2362045
2026-06-12T00:12:00+00:00,TSM,251.42,2920332
2026-06-12T00:13:00+00:00,TSM,251.4868,2154319
2026-06-12T00:14:00+00:00,TSM,251.4567,1726585
2026-06-12T00:15:00+00:00,TSM,252.2195,2933281
2026-06-12T00:16:00+00:00,TSM,251.1435,2191922
2026-06-12T00:17:00+00:00,TSM,256.2755,3306951
2026-06-12T00:18:00+00:00,TSM,259.5293,2982493
2026-06-12T00:19:00+00:00,TSM,259.5491,2813714
2026-06-12T00:00:00+00:00,ARM,402.2123,3060000
2026-06-12T00:01:00+00:00,ARM,400.0025,3447799
2026-06-12T00:02:00+00:00,ARM,397.4009,2105767
2026-06-12T00:03:00+00:00,ARM,396.4017,2846980
2026-06-12T00:04:00+00:00,ARM,393.5986,3119666
2026-06-12T00:05:00+00:00,ARM,394.0785,2114335
2026-06-12T00:06:00+00:00,ARM,397.1575,2315215
2026-06-12T00:07:00+00:00,ARM,397.8711,2416247
2026-06-12T00:08:00+00:00,ARM,396.7219,2890950
2026-06-12T00:09:00+00:00,ARM,397.4167,3118835
2026-06-12T00:10:00+00:00,ARM,396.852,2148909
2026-06-12T00:11:00+00:00,ARM,398.7591,2786933
2026-06-12T00:12:00+00:00,ARM,397.6076,2051729
2026-06-12T00:13:00+00:00,ARM,397.8372,1963285
2026-06-12T00:14:00+00:00,ARM,399.0583,2148889
2026-06-12T00:15:00+00:00,ARM,397.7296,3177945
2026-06-12T00:16:00+00:00,ARM,399.2339,2077084
2026-06-12T00:17:00+00:00,ARM,399.0166,1940248
2026-06-12T00:18:00+00:00,ARM,400.13,1943129
2026-06-12T00:19:00+00:00,ARM,400.8712,2093093
2026-06-12T00:00:00+00:00,ORCL,137.1315,3688561
2026-06-12T00:01:00+00:00,ORCL,136.4189,2688388
2026-06-12T00:02:00+00:00,ORCL,135.5977,2694427
2026-06-12T00:03:00+00:00,ORCL,135.8654,2322775
2026-06-12T00:04:00+00:00,ORCL,136.2091,3302408
2026-06-12T00:05:00+00:00,ORCL,136.2682,1910767
2026-06-12T00:06:00+00:00,ORCL,135.21,3675974
2026-06-12T00:07:00+00:00,ORCL,135.0629,2081780
2026-06-12T00:08:00+00:00,ORCL,134.8818,2362789
2026-06-12T00:09:00+00:00,ORCL,135.264,2550026
2026-06-12T00:10:00+00:00,ORCL,136.3864,3747497
2026-06-12T00:11:00+00:00,ORCL,135.9543,1932768
2026-06-12T00:12:00+00:00,ORCL,136.9111,3658390
2026-06-12T00:13:00+00:00,ORCL,137.0929,2466991
2026-06-12T00:14:00+00:00,ORCL,137.08,2253000
2026-06-12T00:15:00+00:00,ORCL,137.0961,2990139
2026-06-12T00:16:00+00:00,ORCL,137.736,3536669
2026-06-12T00:17:00+00:00,ORCL,136.6537,2613684
2026-06-12T00:18:00+00:00,ORCL,137.0468,2668680
2026-06-12T00:19:00+00:00,ORCL,137.4119,2889576
2026-06-12T00:00:00+00:00,CRM,424.385,3097310
2026-06-12T00:01:00+00:00,CRM,420.5963,3172967
2026-06-12T00:02:00+00:00,CRM,419.5843,3120071
2026-06-12T00:03:00+00:00,CRM,419.0343,2195656
2026-06-12T00:04:00+00:00,CRM,421.7046,2690873
2026-06-12T00:05:00+00:00,CRM,419.8272,2255227
2026-06-12T00:06:00+00:00,CRM,419.6144,2808143
2026-06-12T00:07:00+00:00,CRM,422.8481,2449015
2026-06-12T00:08:00+00:00,CRM,425.4207,3148038
2026-06-12T00:09:00+00:00,CRM,426.7022,2564062
2026-06-12T00:10:00+00:00,CRM,427.3551,1880401
2026-06-12T00:11:00+00:00,CRM,430.7528,2808292
2026-06-12T00:12:00+00:00,CRM,425.1221,3910079
2026-06-12T00:13:00+00:00,CRM,426.9473,3475440
2026-06-12T00:14:00+00:00,CRM,425.6511,2345086
2026-06-12T00:15:00+00:00,CRM,426.4231,3328923
2026-06-12T00:16:00+00:00,CRM,426.4184,1801543
2026-06-12T00:17:00+00:00,CRM,425.0861,2746315
2026-06-12T00:18:00+00:00,CRM,424.6348,2213580
2026-06-12T00:19:00+00:00,CRM,423.1571,3045661
2026-06-12T00:00:00+00:00,ADBE,418.4704,2343800
2026-06-12T00:01:00+00:00,ADBE,419.0332,2560822
2026-06-12T00:02:00+00:00,ADBE,418.2349,3196719
2026-06-12T00:03:00+00:00,ADBE,416.6217,3305237
2026-06-12T00:04:00+00:00,ADBE,414.8993,3720110
2026-06-12T00:05:00+00:00,ADBE,415.0051,2306759
2026-06-12T00:06:00+00:00,ADBE,416.0632,2346419
2026-06-12T00:07:00+00:00,ADBE,414.6342,3297138
2026-06-12T00:08:00+00:00,ADBE,413.2031,2864549
2026-06-12T00:09:00+00:00,ADBE,419.9209,3301583
2026-06-12T00:10:00+00:00,ADBE,420.9227,3038128
2026-06-12T00:11:00+00:00,ADBE,424.2824,4118245
2026-06-12T00:12:00+00:00,ADBE,426.5901,2549474
2026-06-12T00:13:00+00:00,ADBE,429.4774,4027466
2026-06-12T00:14:00+00:00,ADBE,430.8033,2125284
2026-06-12T00:15:00+00:00,ADBE,432.3015,2698649
2026-06-12T00:16:00+00:00,ADBE,437.7293,4178295
2026-06-12T00:17:00+00:00,ADBE,435.1098,3979555
2026-06-12T00:18:00+00:00,ADBE,438.2205,2627464
2026-06-12T00:19:00+00:00,ADBE,438.0244,3250256
2026-06-12T00:00:00+00:00,NOW,346.8248,3309475
2026-06-12T00:01:00+00:00,NOW,347.4161,2601824
2026-06-12T00:02:00+00:00,NOW,346.5881,2052370
2026-06-12T00:03:00+00:00,NOW,347.8932,2617928
2026-06-12T00:04:00+00:00,NOW,344.2126,2846150
2026-06-12T00:05:00+00:00,NOW,349.2738,5070922
2026-06-12T00:06:00+00:00,NOW,350.0412,3373084
2026-06-12T00:07:00+00:00,NOW,352.5105,3906391
2026-06-12T00:08:00+00:00,NOW,352.0005,2737822
2026-06-12T00:09:00+00:00,NOW,352.5872,2596677
2026-06-12T00:10:00+00:00,NOW,354.3197,2860502
2026-06-12T00:11:00+00:00,NOW,353.8045,3411476
2026-06-12T00:12:00+00:00,NOW,356.6778,4003588
2026-06-12T00:13:00+00:00,NOW,357.4784,3288773
2026-06-12T00:14:00+00:00,NOW,358.4336,2170208
2026-06-12T00:15:00+00:00,NOW,358.8815,3424676
2026-06-12T00:16:00+00:00,NOW,358.941,3267475
2026-06-12T00:17:00+00:00,NOW,363.4381,3456250
2026-06-12T00:18:00+00:00,NOW,362.6946,3025001
2026-06-12T00:19:00+00:00,NOW,369.3261,3749585
2026-06-12T00:00:00+00:00,PANW,330.2416,2110044
2026-06-12T00:01:00+00:00,PANW,332.3411,3825016
2026-06-12T00:02:00+00:00,PANW,335.8022,4668578
2026-06-12T00:03:00+00:00,PANW,334.1261,2335108
2026-06-12T00:04:00+00:00,PANW,334.6891,3645580
2026-06-12T00:05:00+00:00,PANW,337.9871,4623865
2026-06-12T00:06:00+00:00,PANW,336.7174,2965280
2026-06-12T00:07:00+00:00,PANW,338.3431,3179417
2026-06-12T00:08:00+00:00,PANW,340.1719,3807789
2026-06-12T00:09:00+00:00,PANW,339.6849,3257489
2026-06-12T00:10:00+00:00,PANW,341.9958,3587185
2026-06-12T00:11:00+00:00,PANW,337.9874,3471058
2026-06-12T00:12:00+00:00,PANW,337.0827,3467316
2026-06-12T00:13:00+00:00,PANW,339.5361,2601400
2026-06-12T00:14:00+00:00,PANW,341.1031,2713099
2026-06-12T00:15:00+00:00,PANW,345.4564,2967121
2026-06-12T00:16:00+00:00,PANW,348.8635,3306733
2026-06-12T00:17:00+00:00,PANW,349.5303,3711956
2026-06-12T00:18:00+00:00,PANW,355.5607,3790264
2026-06-12T00:19:00+00:00,PANW,349.7012,3281551
2026-06-12T00:00:00+00:00,SNOW,69.7534,3736812
2026-06-12T00:01:00+00:00,SNOW,69.9928,2673305
2026-06-12T00:02:00+00:00,SNOW,69.4803,3886889
2026-06-12T00:03:00+00:00,SNOW,70.1313,4266321
2026-06-12T00:04:00+00:00,SNOW,70.8779,3026346
2026-06-12T00:05:00+00:00,SNOW,70.3435,4249218
2026-06-12T00:06:00+00:00,SNOW,70.339,2615698
2026-06-12T00:07:00+00:00,SNOW,71.3143,4748243
2026-06-12T00:08:00+00:00,SNOW,71.6607,2813338
2026-06-12T00:09:00+00:00,SNOW,72.3003,2961485
2026-06-12T00:10:00+00:00,SNOW,73.1027,3519267
2026-06-12T00:11:00+00:00,SNOW,72.7077,3147361
2026-06-12T00:12:00+00:00,SNOW,73.6216,3429951
2026-06-12T00:13:00+00:00,SNOW,73.7267,3475372
2026-06-12T00:14:00+00:00,SNOW,72.7188,3215055
2026-06-12T00:15:00+00:00,SNOW,71.2195,4774684
2026-06-12T00:16:00+00:00,SNOW,71.8222,4511085
2026-06-12T00:17:00+00:00,SNOW,70.8091,3099312
2026-06-12T00:18:00+00:00,SNOW,72.0712,3758962
2026-06-12T00:19:00+00:00,SNOW,72.4417,4217605
2026-06-12T00:00:00+00:00,SHOP,276.7458,4309259
2026-06-12T00:01:00+00:00,SHOP,277.1109,2943655
2026-06-12T00:02:00+00:00,SHOP,277.7754,3941233
2026-06-12T00:03:00+00:00,SHOP,280.4452,3000441
2026-06-12T00:04:00+00:00,SHOP,279.8704,2604772
2026-06-12T00:05:00+00:00,SHOP,279.6465,2755639
2026-06-12T00:06:00+00:00,SHOP,280.7334,2831172
2026-06-12T00:07:00+00:00,SHOP,281.8831,3501643
2026-06-12T00:08:00+00:00,SHOP,281.9533,2107033
2026-06-12T00:09:00+00:00,SHOP,281.7914,2664401
2026-06-12T00:10:00+00:00,SHOP,281.8834,2616535
2026-06-12T00:11:00+00:00,SHOP,281.5894,2494678
2026-06-12T00:12:00+00:00,SHOP,282.2952,2365554
2026-06-12T00:13:00+00:00,SHOP,281.1924,2543876
2026-06-12T00:14:00+00:00,SHOP,280.2886,3480451
2026-06-12T00:15:00+00:00,SHOP,281.339,2512270
2026-06-12T00:16:00+00:00,SHOP,282.3877,3107203
2026-06-12T00:17:00+00:00,SHOP,284.0071,3048779
2026-06-12T00:18:00+00:00,SHOP,288.232,3934363
2026-06-12T00:19:00+00:00,SHOP,290.9956,4017638
2026-06-12T00:00:00+00:00,UBER,178.9279,4638344
2026-06-12T00:01:00+00:00,UBER,180.1591,3412128
2026-06-12T00:02:00+00:00,UBER,180.9535,2859352
2026-06-12T00:03:00+00:00,UBER,182.5863,2815849
2026-06-12T00:04:00+00:00,UBER,183.6126,4221994
2026-06-12T00:05:00+00:00,UBER,183.3211,2979058
2026-06-12T00:06:00+00:00,UBER,184.2583,2837674
2026-06-12T00:07:00+00:00,UBER,183.7814,2350533
2026-06-12T00:08:00+00:00,UBER,182.7397,4410338
2026-06-12T00:09:00+00:00,UBER,182.4694,2399844
2026-06-12T00:10:00+00:00,UBER,181.9699,3276063
2026-06-12T00:11:00+00:00,UBER,181.4744,2605282
2026-06-12T00:12:00+00:00,UBER,181.3286,3811294
2026-06-12T00:13:00+00:00,UBER,182.4249,2805358
2026-06-12T00:14:00+00:00,UBER,180.9019,4881400
2026-06-12T00:15:00+00:00,UBER,181.0497,2536801
2026-06-12T00:16:00+00:00,UBER,182.5619,4900959
2026-06-12T00:17:00+00:00,UBER,184.1237,3836677
2026-06-12T00:18:00+00:00,UBER,189.4173,5599384
2026-06-12T00:19:00+00:00,UBER,190.1915,4195932
2026-06-12T00:00:00+00:00,NFLX,291.3347,3906492
2026-06-12T00:01:00+00:00,NFLX,290.7827,2750120
2026-06-12T00:02:00+00:00,NFLX,288.4439,4668190
2026-06-12T00:03:00+00:00,NFLX,290.4285,3115125
2026-06-12T00:04:00+00:00,NFLX,290.939,3287889
2026-06-12T00:05:00+00:00,NFLX,292.7047,3469974
2026-06-12T00:06:00+00:00,NFLX,293.716,3878405
2026-06-12T00:07:00+00:00,NFLX,294.6897,4198572
2026-06-12T00:08:00+00:00,NFLX,296.8363,4413749
2026-06-12T00:09:00+00:00,NFLX,297.4717,2425884
2026-06-12T00:10:00+00:00,NFLX,298.0009,3442105
2026-06-12T00:11:00+00:00,NFLX,297.3887,3380471
2026-06-12T00:12:00+00:00,NFLX,296.5067,3229662
2026-06-12T00:13:00+00:00,NFLX,295.6225,3545896
2026-06-12T00:14:00+00:00,NFLX,293.6132,3679956
2026-06-12T00:15:00+00:00,NFLX,294.8885,3407683
2026-06-12T00:16:00+00:00,NFLX,297.387,3951361
2026-06-12T00:17:00+00:00,NFLX,298.0,2789886
2026-06-12T00:18:00+00:00,NFLX,303.9335,5078645
2026-06-12T00:19:00+00:00,NFLX,301.3628,3246052
2026-06-12T00:00:00+00:00,DIS,229.1507,3209664
2026-06-12T00:01:00+00:00,DIS,229.4106,2510959
2026-06-12T00:02:00+00:00,DIS,227.5399,2986485
2026-06-12T00:03:00+00:00,DIS,227.9233,3595810
2026-06-12T00:04:00+00:00,DIS,229.7465,4671584
2026-06-12T00:05:00+00:00,DIS,230.6903,3626540
2026-06-12T00:06:00+00:00,DIS,232.1083,3560533
2026-06-12T00:07:00+00:00,DIS,232.4797,4183446
2026-06-12T00:08:00+00:00,DIS,234.2063,5093968
2026-06-12T00:09:00+00:00,DIS,236.2635,4664604
2026-06-12T00:10:00+00:00,DIS,236.5098,4163629
2026-06-12T00:11:00+00:00,DIS,235.483,3611770
2026-06-12T00:12:00+00:00,DIS,238.6354,3740694
2026-06-12T00:13:00+00:00,DIS,237.6806,4182924
2026-06-12T00:14:00+00:00,DIS,238.1899,3097734
2026-06-12T00:15:00+00:00,DIS,237.998,3712973
2026-06-12T00:16:00+00:00,DIS,239.847,3491404
2026-06-12T00:17:00+00:00,DIS,242.7291,5281857
2026-06-12T00:18:00+00:00,DIS,244.0484,4648869
2026-06-12T00:19:00+00:00,DIS,245.7228,3255332
2026-06-12T00:00:00+00:00,V,139.3765,2987430
2026-06-12T00:01:00+00:00,V,139.2093,2757590
2026-06-12T00:02:00+00:00,V,140.3313,4571937
2026-06-12T00:03:00+00:00,V,142.2326,5844815
2026-06-12T00:04:00+00:00,V,143.0136,3007507
2026-06-12T00:05:00+00:00,V,144.5107,4496423
2026-06-12T00:06:00+00:00,V,143.8097,4589276
2026-06-12T00:07:00+00:00,V,143.037,3963318
2026-06-12T00:08:00+00:00,V,141.1604,3652811
2026-06-12T00:09:00+00:00,V,140.1629,5170111
2026-06-12T00:10:00+00:00,V,139.5123,4398845
2026-06-12T00:11:00+00:00,V,138.8482,3265650
2026-06-12T00:12:00+00:00,V,140.2516,4028448
2026-06-12T00:13:00+00:00,V,140.2929,3761382
2026-06-12T00:14:00+00:00,V,139.849,4092126
2026-06-12T00:15:00+00:00,V,140.24,2633989
2026-06-12T00:16:00+00:00,V,140.7585,3943168
2026-06-12T00:17:00+00:00,V,140.2679,4632243
2026-06-12T00:18:00+00:00,V,139.2167,3645217
2026-06-12T00:19:00+00:00,V,138.6976,2615179
2026-06-12T00:00:00+00:00,MA,44.462,3868774
2026-06-12T00:01:00+00:00,MA,44.8456,4351255
2026-06-12T00:02:00+00:00,MA,44.9909,3118425
2026-06-12T00:03:00+00:00,MA,44.876,3930896
2026-06-12T00:04:00+00:00,MA,44.9119,3128193
2026-06-12T00:05:00+00:00,MA,44.9341,2616126
2026-06-12T00:06:00+00:00,MA,44.8013,3835981
2026-06-12T00:07:00+00:00,MA,45.0362,4126724
2026-06-12T00:08:00+00:00,MA,45.2227,3744464
2026-06-12T00:09:00+00:00,MA,45.7592,3715749
2026-06-12T00:10:00+00:00,MA,46.0707,3285193
2026-06-12T00:11:00+00:00,MA,46.0305,2629691
2026-06-12T00:12:00+00:00,MA,45.6213,5051581
2026-06-12T00:13:00+00:00,MA,45.1344,4302116
2026-06-12T00:14:00+00:00,MA,45.2102,3803878
2026-06-12T00:15:00+00:00,MA,45.3491,3805773
2026-06-12T00:16:00+00:00,MA,45.1279,3759722
2026-06-12T00:17:00+00:00,MA,45.6356,5779862
2026-06-12T00:18:00+00:00,MA,45.696,4272307
2026-06-12T00:19:00+00:00,MA,45.5095,2803999
2026-06-12T00:00:00+00:00,JPM,252.011,2976041
2026-06-12T00:01:00+00:00,JPM,253.1003,4540821
2026-06-12T00:02:00+00:00,JPM,256.1364,6047325
2026-06-12T00:03:00+00:00,JPM,256.6313,2889610
2026-06-12T00:04:00+00:00,JPM,257.9123,4012180
2026-06-12T00:05:00+00:00,JPM,261.2217,5328698
2026-06-12T00:06:00+00:00,JPM,262.1728,3417732
2026-06-12T00:07:00+00:00,JPM,261.2874,3369950
2026-06-12T00:08:00+00:00,JPM,266.3475,6630872
2026-06-12T00:09:00+00:00,JPM,268.3114,4806759
2026-06-12T00:10:00+00:00,JPM,273.3712,6438654
2026-06-12T00:11:00+00:00,JPM,274.085,3639226
2026-06-12T00:12:00+00:00,JPM,274.4823,3014810
2026-06-12T00:13:00+00:00,JPM,272.3676,3345096
2026-06-12T00:14:00+00:00,JPM,272.9629,3318011
2026-06-12T00:15:00+00:00,JPM,274.1414,4474766
2026-06-12T00:16:00+00:00,JPM,273.0538,4343086
2026-06-12T00:17:00+00:00,JPM,269.1444,4423858
2026-06-12T00:18:00+00:00,JPM,267.1748,4977715
2026-06-12T00:19:00+00:00,JPM,266.7238,3650871
2026-06-12T00:00:00+00:00,BAC,140.5572,3549438
2026-06-12T00:01:00+00:00,BAC,139.4937,5366671
2026-06-12T00:02:00+00:00,BAC,140.0105,3344211
2026-06-12T00:03:00+00:00,BAC,140.1506,4110885
2026-06-12T00:04:00+00:00,BAC,141.1319,3910865
2026-06-12T00:05:00+00:00,BAC,140.9295,4456263
2026-06-12T00:06:00+00:00,BAC,140.8513,4381347
2026-06-12T00:07:00+00:00,BAC,141.3376,4199019
2026-06-12T00:08:00+00:00,BAC,141.1603,4635066
2026-06-12T00:09:00+00:00,BAC,140.4885,3995776
2026-06-12T00:10:00+00:00,BAC,141.0532,4788742
2026-06-12T00:11:00+00:00,BAC,140.4037,3902557
2026-06-12T00:12:00+00:00,BAC,140.3603,3136577
2026-06-12T00:13:00+00:00,BAC,139.6946,3395709
2026-06-12T00:14:00+00:00,BAC,139.5677,4441098
2026-06-12T00:15:00+00:00,BAC,139.4238,2878273
2026-06-12T00:16:00+00:00,BAC,139.6741,4613120
2026-06-12T00:17:00+00:00,BAC,139.683,3184102
2026-06-12T00:18:00+00:00,BAC,139.7065,2588098
2026-06-12T00:19:00+00:00,BAC,139.724,3886709
2026-06-12T00:00:00+00:00,GS,295.7181,2846137
2026-06-12T00:01:00+00:00,GS,293.7776,4616865
2026-06-12T00:02:00+00:00,GS,292.323,4953533
2026-06-12T00:03:00+00:00,GS,294.5159,5515113
2026-06-12T00:04:00+00:00,GS,297.338,5896181
2026-06-12T00:05:00+00:00,GS,298.691,5189388
2026-06-12T00:06:00+00:00,GS,299.6199,3080825
2026-06-12T00:07:00+00:00,GS,300.361,2847074
2026-06-12T00:08:00+00:00,GS,301.9716,4565088
2026-06-12T00:09:00+00:00,GS,299.8522,5272999
2026-06-12T00:10:00+00:00,GS,299.0467,3012660
2026-06-12T00:11:00+00:00,GS,298.1227,3046996
2026-06-12T00:12:00+00:00,GS,298.0587,3225090
2026-06-12T00:13:00+00:00,GS,296.9265,3868448
2026-06-12T00:14:00+00:00,GS,297.7956,3446803
2026-06-12T00:15:00+00:00,GS,297.6647,4071865
2026-06-12T00:16:00+00:00,GS,296.4866,5142214
2026-06-12T00:17:00+00:00,GS,297.03,3807144
2026-06-12T00:18:00+00:00,GS,297.7776,2843393
2026-06-12T00:19:00+00:00,GS,295.7072,4217903
2026-06-12T00:00:00+00:00,XOM,214.1194,4624156
2026-06-12T00:01:00+00:00,XOM,213.6545,4016795
2026-06-12T00:02:00+00:00,XOM,214.7521,3303191
2026-06-12T00:03:00+00:00,XOM,217.6667,6374689
2026-06-12T00:04:00+00:00,XOM,218.2423,3312462
2026-06-12T00:05:00+00:00,XOM,218.807,4581936
2026-06-12T00:06:00+00:00,XOM,219.3927,3975376
2026-06-12T00:07:00+00:00,XOM,219.8098,3878185
2026-06-12T00:08:00+00:00,XOM,220.4303,4002575
2026-06-12T00:09:00+00:00,XOM,220.0283,3547781
2026-06-12T00:10:00+00:00,XOM,220.8108,5150951
2026-06-12T00:11:00+00:00,XOM,220.2476,3488290
2026-06-12T00:12:00+00:00,XOM,220.9037,4031063
2026-06-12T00:13:00+00:00,XOM,222.9764,3771997
2026-06-12T00:14:00+00:00,XOM,222.8121,4364846
2026-06-12T00:15:00+00:00,XOM,222.5671,4222134
2026-06-12T00:16:00+00:00,XOM,223.0883,3627298
2026-06-12T00:17:00+00:00,XOM,221.477,4319443
2026-06-12T00:18:00+00:00,XOM,223.4893,3677130
2026-06-12T00:19:00+00:00,XOM,225.1805,5647649
2026-06-12T00:00:00+00:00,CVX,40.7188,5172741
2026-06-12T00:01:00+00:00,CVX,40.9982,4638808
2026-06-12T00:02:00+00:00,CVX,40.6792,4032016
2026-06-12T00:03:00+00:00,CVX,41.1189,5037155
2026-06-12T00:04:00+00:00,CVX,40.7477,5630108
2026-06-12T00:05:00+00:00,CVX,40.715,4164408
2026-06-12T00:06:00+00:00,CVX,40.6268,3229355
2026-06-12T00:07:00+00:00,CVX,40.8547,5348692
2026-06-12T00:08:00+00:00,CVX,40.6626,3531308
2026-06-12T00:09:00+00:00,CVX,40.3259,4652568
2026-06-12T00:10:00+00:00,CVX,40.3988,3125214
2026-06-12T00:11:00+00:00,CVX,40.0815,4662232
2026-06-12T00:12:00+00:00,CVX,40.2393,3503685
2026-06-12T00:13:00+00:00,CVX,40.1277,3635942
2026-06-12T00:14:00+00:00,CVX,39.9966,3343240
2026-06-12T00:15:00+00:00,CVX,39.5366,4211926
2026-06-12T00:16:00+00:00,CVX,39.5525,3838470
2026-06-12T00:17:00+00:00,CVX,39.7914,3651046
2026-06-12T00:18:00+00:00,CVX,40.4463,7490788
2026-06-12T00:19:00+00:00,CVX,40.6142,4840501
2026-06-12T00:00:00+00:00,COP,73.0821,4124382
2026-06-12T00:01:00+00:00,COP,73.1009,4922436
2026-06-12T00:02:00+00:00,COP,73.4035,4213027
2026-06-12T00:03:00+00:00,COP,72.6326,4319470
2026-06-12T00:04:00+00:00,COP,72.5165,3358836
2026-06-12T00:05:00+00:00,COP,72.3643,3840958
2026-06-12T00:06:00+00:00,COP,72.909,5631855
2026-06-12T00:07:00+00:00,COP,73.0474,4526536
2026-06-12T00:08:00+00:00,COP,72.3267,5033912
2026-06-12T00:09:00+00:00,COP,72.3462,3068431
2026-06-12T00:10:00+00:00,COP,71.9465,5189072
2026-06-12T00:11:00+00:00,COP,71.6505,5391663
2026-06-12T00:12:00+00:00,COP,71.0683,5607826
2026-06-12T00:13:00+00:00,COP,71.3853,4219686
2026-06-12T00:14:00+00:00,COP,71.5352,4993916
2026-06-12T00:15:00+00:00,COP,72.3997,6290329
2026-06-12T00:16:00+00:00,COP,72.1427,4737763
2026-06-12T00:17:00+00:00,COP,71.2442,5931924
2026-06-12T00:18:00+00:00,COP,72.1793,5986514
2026-06-12T00:19:00+00:00,COP,72.3999,3258672
2026-06-12T00:00:00+00:00,CAT,206.8448,4637506
2026-06-12T00:01:00+00:00,CAT,204.3631,4754113
2026-06-12T00:02:00+00:00,CAT,202.8332,5271894
2026-06-12T00:03:00+00:00,CAT,203.7213,4271219
2026-06-12T00:04:00+00:00,CAT,202.0805,4100240
2026-06-12T00:05:00+00:00,CAT,198.8189,6652164
2026-06-12T00:06:00+00:00,CAT,199.1687,4122509
2026-06-12T00:07:00+00:00,CAT,197.6975,6249111
2026-06-12T00:08:00+00:00,CAT,199.7224,4277856
2026-06-12T00:09:00+00:00,CAT,200.3207,5010441
2026-06-12T00:10:00+00:00,CAT,202.2753,4045480
2026-06-12T00:11:00+00:00,CAT,201.7397,4449835
2026-06-12T00:12:00+00:00,CAT,199.4685,5483014
2026-06-12T00:13:00+00:00,CAT,199.0621,4517518
2026-06-12T00:14:00+00:00,CAT,200.258,4485151
2026-06-12T00:15:00+00:00,CAT,198.8603,6104281
2026-06-12T00:16:00+00:00,CAT,199.808,4277535
2026-06-12T00:17:00+00:00,CAT,202.5469,6647599
2026-06-12T00:18:00+00:00,CAT,209.9834,8188171
2026-06-12T00:19:00+00:00,CAT,213.8387,4790474
2026-06-12T00:00:00+00:00,GE,144.9147,4093496
2026-06-12T00:01:00+00:00,GE,144.8997,3822606
2026-06-12T00:02:00+00:00,GE,144.3934,3877018
2026-06-12T00:03:00+00:00,GE,143.1594,4367264
2026-06-12T00:04:00+00:00,GE,142.9049,4303816
2026-06-12T00:05:00+00:00,GE,139.8517,5853557
2026-06-12T00:06:00+00:00,GE,140.1894,3615146
2026-06-12T00:07:00+00:00,GE,138.9928,4084307
2026-06-12T00:08:00+00:00,GE,139.358,4691211
2026-06-12T00:09:00+00:00,GE,137.1752,6068465
2026-06-12T00:10:00+00:00,GE,136.4207,6019283
2026-06-12T00:11:00+00:00,GE,136.1642,3895746
2026-06-12T00:12:00+00:00,GE,134.835,6320391
2026-06-12T00:13:00+00:00,GE,133.2749,5503629
2026-06-12T00:14:00+00:00,GE,133.0092,3354109
2026-06-12T00:15:00+00:00,GE,134.5908,6728097
2026-06-12T00:16:00+00:00,GE,133.3635,4563896
2026-06-12T00:17:00+00:00,GE,135.3766,5666440
2026-06-12T00:18:00+00:00,GE,135.5707,3438155
2026-06-12T00:19:00+00:00,GE,137.0643,3957455
2026-06-12T00:00:00+00:00,DE,332.8113,3741777
2026-06-12T00:01:00+00:00,DE,333.6972,4401510
2026-06-12T00:02:00+00:00,DE,331.9481,5260194
2026-06-12T00:03:00+00:00,DE,332.7919,4087702
2026-06-12T00:04:00+00:00,DE,335.2313,3823498
2026-06-12T00:05:00+00:00,DE,334.2383,5338846
2026-06-12T00:06:00+00:00,DE,336.39,3966166
2026-06-12T00:07:00+00:00,DE,335.3481,5370568
2026-06-12T00:08:00+00:00,DE,335.5235,2990471
2026-06-12T00:09:00+00:00,DE,335.7392,5241046
2026-06-12T00:10:00+00:00,DE,335.6142,3187307
2026-06-12T00:11:00+00:00,DE,335.2598,3362102
2026-06-12T00:12:00+00:00,DE,336.0323,4016234
2026-06-12T00:13:00+00:00,DE,338.9194,4247366
2026-06-12T00:14:00+00:00,DE,341.5072,4183014
2026-06-12T00:15:00+00:00,DE,340.7742,5358973
2026-06-12T00:16:00+00:00,DE,339.5815,5013272
2026-06-12T00:17:00+00:00,DE,338.7513,5418093
2026-06-12T00:18:00+00:00,DE,340.0248,3812808
2026-06-12T00:19:00+00:00,DE,338.1558,5392928
2026-06-12T00:00:00+00:00,LLY,253.0072,5118476
2026-06-12T00:01:00+00:00,LLY,251.8903,4951476
2026-06-12T00:02:00+00:00,LLY,252.0412,3370281
2026-06-12T00:03:00+00:00,LLY,253.1965,4805985
2026-06-12T00:04:00+00:00,LLY,254.7871,4041637
2026-06-12T00:05:00+00:00,LLY,255.6384,4621351
2026-06-12T00:06:00+00:00,LLY,254.505,5799231
2026-06-12T00:07:00+00:00,LLY,254.9458,3166675
2026-06-12T00:08:00+00:00,LLY,256.1377,5011364
2026-06-12T00:09:00+00:00,LLY,255.4473,4980031
2026-06-12T00:10:00+00:00,LLY,256.5737,4577046
2026-06-12T00:11:00+00:00,LLY,256.065,5616874
2026-06-12T00:12:00+00:00,LLY,258.1216,5741128
2026-06-12T00:13:00+00:00,LLY,259.4268,3575413
2026-06-12T00:14:00+00:00,LLY,258.4649,5855870
2026-06-12T00:15:00+00:00,LLY,257.7473,4120027
2026-06-12T00:16:00+00:00,LLY,259.6726,5199112
2026-06-12T00:17:00+00:00,LLY,259.9353,5283274
2026-06-12T00:18:00+00:00,LLY,262.2794,5861989
2026-06-12T00:19:00+00:00,LLY,263.0742,4174862
2026-06-12T00:00:00+00:00,UNH,390.8342,4717328
2026-06-12T00:01:00+00:00,UNH,393.3169,5986828
2026-06-12T00:02:00+00:00,UNH,394.5709,4506225
2026-06-12T00:03:00+00:00,UNH,397.577,5539052
2026-06-12T00:04:00+00:00,UNH,399.1844,5749092
2026-06-12T00:05:00+00:00,UNH,398.3043,4317968
2026-06-12T00:06:00+00:00,UNH,397.3045,4631620
2026-06-12T00:07:00+00:00,UNH,398.036,5740937
2026-06-12T00:08:00+00:00,UNH,396.5716,4325560
2026-06-12T00:09:00+00:00,UNH,394.0658,4638710
2026-06-12T00:10:00+00:00,UNH,393.8837,4642673
2026-06-12T00:11:00+00:00,UNH,397.3501,6449742
2026-06-12T00:12:00+00:00,UNH,401.4377,7040573
2026-06-12T00:13:00+00:00,UNH,402.925,4916406
2026-06-12T00:14:00+00:00,UNH,405.2747,3666560
2026-06-12T00:15:00+00:00,UNH,406.3375,3810796
2026-06-12T00:16:00+00:00,UNH,409.4882,5880171
2026-06-12T00:17:00+00:00,UNH,408.3355,5429548
2026-06-12T00:18:00+00:00,UNH,411.2491,5654912
2026-06-12T00:19:00+00:00,UNH,409.7334,5136284
2026-06-12T00:00:00+00:00,JNJ,320.1951,4515547
2026-06-12T00:01:00+00:00,JNJ,318.705,5510693
2026-06-12T00:02:00+00:00,JNJ,315.6317,4468020
2026-06-12T00:03:00+00:00,JNJ,316.7789,3988239
2026-06-12T00:04:00+00:00,JNJ,320.4166,7499729
2026-06-12T00:05:00+00:00,JNJ,321.44,5237592
2026-06-12T00:06:00+00:00,JNJ,319.0168,6362665
2026-06-12T00:07:00+00:00,JNJ,321.9389,5915594
2026-06-12T00:08:00+00:00,JNJ,321.9433,4134643
2026-06-12T00:09:00+00:00,JNJ,323.7313,4630956
2026-06-12T00:10:00+00:00,JNJ,321.0293,6975556
2026-06-12T00:11:00+00:00,JNJ,322.2048,3638327
2026-06-12T00:12:00+00:00,JNJ,321.5464,3625774
2026-06-12T00:13:00+00:00,JNJ,321.1212,5328917
2026-06-12T00:14:00+00:00,JNJ,316.7785,6178648
2026-06-12T00:15:00+00:00,JNJ,314.408,3943375
2026-06-12T00:16:00+00:00,JNJ,312.0079,6852945
2026-06-12T00:17:00+00:00,JNJ,313.3422,6339921
2026-06-12T00:18:00+00:00,JNJ,310.8392,4276702
2026-06-12T00:19:00+00:00,JNJ,310.6518,4782056
2026-06-12T00:00:00+00:00,MRK,119.3146,3309058
2026-06-12T00:01:00+00:00,MRK,119.4954,5131489
2026-06-12T00:02:00+00:00,MRK,121.1537,5010084
2026-06-12T00:03:00+00:00,MRK,122.75,7804406
2026-06-12T00:04:00+00:00,MRK,122.8697,5132130
2026-06-12T00:05:00+00:00,MRK,122.9744,3872586
2026-06-12T00:06:00+00:00,MRK,122.8766,3367477
2026-06-12T00:07:00+00:00,MRK,122.2481,6013681
2026-06-12T00:08:00+00:00,MRK,121.7709,5670486
2026-06-12T00:09:00+00:00,MRK,119.9848,5088535
2026-06-12T00:10:00+00:00,MRK,118.9198,5649846
2026-06-12T00:11:00+00:00,MRK,117.7999,7312184
2026-06-12T00:12:00+00:00,MRK,117.579,5282825
2026-06-12T00:13:00+00:00,MRK,119.5807,5072845
2026-06-12T00:14:00+00:00,MRK,120.6208,6795666
2026-06-12T00:15:00+00:00,MRK,120.517,3451715
2026-06-12T00:16:00+00:00,MRK,119.7589,4353938
2026-06-12T00:17:00+00:00,MRK,120.8099,6953638
2026-06-12T00:18:00+00:00,MRK,120.2537,4733092
2026-06-12T00:19:00+00:00,MRK,120.0239,4906578
2026-06-12T00:00:00+00:00,COST,214.3114,5298359
2026-06-12T00:01:00+00:00,COST,213.8851,4431272
2026-06-12T00:02:00+00:00,COST,212.7983,5045100
2026-06-12T00:03:00+00:00,COST,211.2542,5267382
2026-06-12T00:04:00+00:00,COST,212.4823,6287971
2026-06-12T00:05:00+00:00,COST,208.7678,7520191
2026-06-12T00:06:00+00:00,COST,208.8447,5784735
2026-06-12T00:07:00+00:00,COST,209.6137,5662413
2026-06-12T00:08:00+00:00,COST,210.4865,5460292
2026-06-12T00:09:00+00:00,COST,209.2907,6857447
2026-06-12T00:10:00+00:00,COST,210.5172,4823397
2026-06-12T00:11:00+00:00,COST,208.6226,5668314
2026-06-12T00:12:00+00:00,COST,209.9417,6068203
2026-06-12T00:13:00+00:00,COST,208.9566,5536350
2026-06-12T00:14:00+00:00,COST,211.4314,5569740
2026-06-12T00:15:00+00:00,COST,209.6302,4172758
2026-06-12T00:16:00+00:00,COST,209.5529,4777309
2026-06-12T00:17:00+00:00,COST,211.3789,6923454
2026-06-12T00:18:00+00:00,COST,215.6506,9133705
2026-06-12T00:19:00+00:00,COST,215.4301,5484064
2026-06-12T00:00:00+00:00,WMT,392.1947,6488039
2026-06-12T00:01:00+00:00,WMT,391.3874,5768901
2026-06-12T00:02:00+00:00,WMT,388.6807,5188506
2026-06-12T00:03:00+00:00,WMT,382.0193,5587504
2026-06-12T00:04:00+00:00,WMT,376.5804,5685057
2026-06-12T00:05:00+00:00,WMT,374.8087,6094087
2026-06-12T00:06:00+00:00,WMT,377.1547,5921830
2026-06-12T00:07:00+00:00,WMT,376.2802,5451982
2026-06-12T00:08:00+00:00,WMT,374.1996,4698191
2026-06-12T00:09:00+00:00,WMT,374.7962,5527099
2026-06-12T00:10:00+00:00,WMT,375.859,3846716
2026-06-12T00:11:00+00:00,WMT,372.4414,7092168
2026-06-12T00:12:00+00:00,WMT,372.9192,5001133
2026-06-12T00:13:00+00:00,WMT,370.7279,6771462
2026-06-12T00:14:00+00:00,WMT,373.9121,5874562
2026-06-12T00:15:00+00:00,WMT,371.5255,5886576
2026-06-12T00:16:00+00:00,WMT,372.6257,4130602
2026-06-12T00:17:00+00:00,WMT,374.9735,6229507
2026-06-12T00:18:00+00:00,WMT,379.3757,6099226
2026-06-12T00:19:00+00:00,WMT,383.1355,6226633
2026-06-12T00:00:00+00:00,HD,93.8432,6386301
2026-06-12T00:01:00+00:00,HD,94.2338,4139001
2026-06-12T00:02:00+00:00,HD,93.8191,4322949
2026-06-12T00:03:00+00:00,HD,93.3586,5766529
2026-06-12T00:04:00+00:00,HD,93.1328,3671220
2026-06-12T00:05:00+00:00,HD,93.5362,3937764
2026-06-12T00:06:00+00:00,HD,94.3196,5981509
2026-06-12T00:07:00+00:00,HD,94.3152,4848911
2026-06-12T00:08:00+00:00,HD,94.317,4467685
2026-06-12T00:09:00+00:00,HD,95.0307,7401286
2026-06-12T00:10:00+00:00,HD,95.1789,6218625
2026-06-12T00:11:00+00:00,HD,94.5653,4910750
2026-06-12T00:12:00+00:00,HD,94.9118,4300273
2026-06-12T00:13:00+00:00,HD,95.0883,3784155
2026-06-12T00:14:00+00:00,HD,95.6829,6885839
2026-06-12T00:15:00+00:00,HD,95.9889,5060217
2026-06-12T00:16:00+00:00,HD,96.9559,4735415
2026-06-12T00:17:00+00:00,HD,96.8691,5077463
2026-06-12T00:18:00+00:00,HD,98.6643,9703043
2026-06-12T00:19:00+00:00,HD,99.0138,4512935
2026-06-12T00:00:00+00:00,MCD,265.1373,6531703
2026-06-12T00:01:00+00:00,MCD,262.7825,5841365
2026-06-12T00:02:00+00:00,MCD,262.2052,6471205
2026-06-12T00:03:00+00:00,MCD,262.5961,6396775
2026-06-12T00:04:00+00:00,MCD,262.8444,4219058
2026-06-12T00:05:00+00:00,MCD,263.4149,4674674
2026-06-12T00:06:00+00:00,MCD,265.922,7546216
2026-06-12T00:07:00+00:00,MCD,264.6431,4109683
2026-06-12T00:08:00+00:00,MCD,265.4487,5691853
2026-06-12T00:09:00+00:00,MCD,263.8993,7300972
2026-06-12T00:10:00+00:00,MCD,265.0137,6241060
2026-06-12T00:11:00+00:00,MCD,265.7584,6521594
2026-06-12T00:12:00+00:00,MCD,265.8332,5043239
2026-06-12T00:13:00+00:00,MCD,265.4694,5706288
2026-06-12T00:14:00+00:00,MCD,267.0037,4913789
2026-06-12T00:15:00+00:00,MCD,268.3942,4405911
2026-06-12T00:16:00+00:00,MCD,268.3543,4057703
2026-06-12T00:17:00+00:00,MCD,269.2203,4204971
2026-06-12T00:18:00+00:00,MCD,274.7851,9194850
2026-06-12T00:19:00+00:00,MCD,275.4503,4251169
2026-06-12T00:00:00+00:00,NKE,45.2668,6689274
2026-06-12T00:01:00+00:00,NKE,45.1766,6249627
2026-06-12T00:02:00+00:00,NKE,45.2789,5055744
2026-06-12T00:03:00+00:00,NKE,45.1935,3963059
2026-06-12T00:04:00+00:00,NKE,45.6445,6995013
2026-06-12T00:05:00+00:00,NKE,45.4531,5388019
2026-06-12T00:06:00+00:00,NKE,45.2294,5589374
2026-06-12T00:07:00+00:00,NKE,45.6655,6933158
2026-06-12T00:08:00+00:00,NKE,45.8247,4046544
2026-06-12T00:09:00+00:00,NKE,46.0208,6231616
2026-06-12T00:10:00+00:00,NKE,45.9463,6184678
2026-06-12T00:11:00+00:00,NKE,45.9671,4251449
2026-06-12T00:12:00+00:00,NKE,45.9137,4368726
2026-06-12T00:13:00+00:00,NKE,46.0714,6460414
2026-06-12T00:14:00+00:00,NKE,46.0756,4820393
2026-06-12T00:15:00+00:00,NKE,46.2969,5055632
2026-06-12T00:16:00+00:00,NKE,46.4908,7052298
2026-06-12T00:17:00+00:00,NKE,46.508,3653761
2026-06-12T00:18:00+00:00,NKE,46.9043,5235613
2026-06-12T00:19:00+00:00,NKE,46.7555,5297405
2026-06-12T00:00:00+00:00,SPY,150.2729,4590923
2026-06-12T00:01:00+00:00,SPY,151.0319,7405275
2026-06-12T00:02:00+00:00,SPY,153.3745,5838176
2026-06-12T00:03:00+00:00,SPY,153.5186,4464846
2026-06-12T00:04:00+00:00,SPY,153.9834,6137991
2026-06-12T00:05:00+00:00,SPY,153.9972,4347884
2026-06-12T00:06:00+00:00,SPY,154.4132,6322201
2026-06-12T00:07:00+00:00,SPY,154.6485,4705544
2026-06-12T00:08:00+00:00,SPY,154.9622,6262092
2026-06-12T00:09:00+00:00,SPY,155.2968,5365645
2026-06-12T00:10:00+00:00,SPY,156.0101,7046732
2026-06-12T00:11:00+00:00,SPY,157.2946,5310981
2026-06-12T00:12:00+00:00,SPY,157.1067,4183672
2026-06-12T00:13:00+00:00,SPY,157.1733,5757539
2026-06-12T00:14:00+00:00,SPY,157.3126,3848410
2026-06-12T00:15:00+00:00,SPY,156.9547,4054520
2026-06-12T00:16:00+00:00,SPY,156.3183,4886340
2026-06-12T00:17:00+00:00,SPY,155.8393,4527100
2026-06-12T00:18:00+00:00,SPY,154.8883,7025341
2026-06-12T00:19:00+00:00,SPY,154.0952,6069249
2026-06-12T00:00:00+00:00,QQQ,116.3673,6761519
2026-06-12T00:01:00+00:00,QQQ,117.1034,6877691
2026-06-12T00:02:00+00:00,QQQ,118.7531,6759669
2026-06-12T00:03:00+00:00,QQQ,119.5016,7292483
2026-06-12T00:04:00+00:00,QQQ,120.3882,4552566
2026-06-12T00:05:00+00:00,QQQ,119.8607,7115763
2026-06-12T00:06:00+00:00,QQQ,118.3632,6223988
2026-06-12T00:07:00+00:00,QQQ,118.8463,4687278
2026-06-12T00:08:00+00:00,QQQ,119.4756,4785080
2026-06-12T00:09:00+00:00,QQQ,118.9815,5300261
2026-06-12T00:10:00+00:00,QQQ,119.1263,5269975
2026-06-12T00:11:00+00:00,QQQ,119.2821,5064818
2026-06-12T00:12:00+00:00,QQQ,119.0375,6013669
2026-06-12T00:13:00+00:00,QQQ,119.1678,6128230
2026-06-12T00:14:00+00:00,QQQ,119.8244,6681303
2026-06-12T00:15:00+00:00,QQQ,119.3938,5245276
2026-06-12T00:16:00+00:00,QQQ,119.5128,6274091
2026-06-12T00:17:00+00:00,QQQ,119.302,6683254
2026-06-12T00:18:00+00:00,QQQ,118.3446,6513469
2026-06-12T00:19:00+00:00,QQQ,118.4281,5230727
