symbol,exchange
A,NYSE
AA,NYSE
AAAP,NASD
AAC.U,NYSE
AACG,NASD
AACI,NASD
AACIU,NASD
AACIW,NASD
AACO,NASD
AACOU,NASD
AACOW,NASD
AACP,NASD
AACPR,NASD
AACPU,NASD
AACPW,NASD
AADR,NASD
AADX,NYSE
AAEQ,NASD
AAL,NASD
AALG,NASD
AAME,NASD
AAMI,NYSE
AAOI,NASD
AAON,NASD
AAP,NYSE
AAPB,NASD
AAPD,NASD
AAPG,NASD
AAPL,NASD
AAPU,NASD
AARD,NASD
AAT,NYSE
AAUB,NASD
AAUC,NYSE
AAUS,NASD
AAVM,NASD
AAXJ,NASD
AB,NYSE
ABAT,NASD
ABBV,NYSE
ABCB,NYSE
ABCL,NASD
ABCS,NASD
ABEO,NASD
ABEV,NYSE
ABG,NYSE
ABI,NASD
ABIG,NASD
ABLV,NASD
ABLVW,NASD
ABM,NYSE
ABNB,NASD
ABOS,NASD
ABR,NYSE
ABSI,NASD
ABT,NYSE
ABTC,NASD
ABTS,NASD
ABUS,NASD
ABVC,NASD
ABVX,NASD
ABX,NYSE
ABXL,NYSE
ACA,NYSE
ACAA,NASD
ACAAU,NASD
ACAAW,NASD
ACAD,NASD
ACB,NASD
ACCL,NASD
ACCO,NYSE
ACCS,AMEX
ACDC,NASD
ACEL,NYSE
ACEP,NASD
ACET,NASD
ACFN,NASD
ACGC,NASD
ACGCU,NASD
ACGCW,NASD
ACGL,NASD
ACGLN,NASD
ACGLO,NASD
ACH,NYSE
ACHC,NASD
ACHR,NYSE
ACHR.W,NYSE
ACHV,NASD
ACI,NYSE
ACIC,NASD
ACIU,NASD
ACIW,NASD
ACLO,NYSE
ACLS,NASD
ACM,NYSE
ACMR,NASD
ACN,NYSE
ACNB,NASD
ACNT,NASD
ACOG,NASD
ACON,NASD
ACONW,NASD
ACP,NYSE
ACQQ,NASD
ACR,NYSE
ACRE,NYSE
ACRS,NASD
ACRT,NASD
ACRV,NASD
ACSP,NASD
ACT,NASD
ACTG,NASD
ACTU,NASD
ACU,AMEX
ACV,NYSE
ACVA,NYSE
ACWI,NASD
ACWX,NASD
ACXP,NASD
AD,NYSE
ADAC,NASD
ADACU,NASD
ADACW,NASD
ADAG,NASD
ADAM,NASD
ADAMG,NASD
ADAMH,NASD
ADAMI,NASD
ADAMK,NASD
ADAML,NASD
ADAMM,NASD
ADAMN,NASD
ADAMO,NASD
ADAMZ,NASD
ADBE,NASD
ADBG,NASD
ADC,NYSE
ADCT,NYSE
ADEA,NASD
ADGM,NASD
ADI,NASD
ADIG,NYSE
ADIL,NASD
ADM,NYSE
ADMA,NASD
ADNT,NYSE
ADP,NASD
ADPT,NASD
ADSE,NASD
ADSEW,NASD
ADSK,NASD
ADT,NYSE
ADTN,NASD
ADUR,NASD
ADUS,NASD
ADV,NASD
ADVB,NASD
ADX,NYSE
ADXN,NASD
AEAQ,NASD
AEAQU,NASD
AEAQW,NASD
AEBI,NASD
AEC,NASD
AEE,NYSE
AEF,AMEX
AEFC,NYSE
AEG,NYSE
AEHL,NASD
AEHR,NASD
AEI,NASD
AEIS,NASD
AEM,NYSE
AEMD,NASD
AENT,NASD
AENTW,NASD
AEO,NYSE
AEON,AMEX
AEP,NASD
AER,NYSE
AERO,NYSE
AERT,NASD
AERTW,NASD
AES,NYSE
AESI,NYSE
AESP,NASD
AESPR,NASD
AESPU,NASD
AESPW,NASD
AEVA,NASD
AEXA,NYSE
AEYE,NASD
AFB,NYSE
AFCG,NASD
AFG,NYSE
AFGB,NYSE
AFGC,NYSE
AFGD,NYSE
AFGE,NYSE
AFJK,NASD
AFJKR,NASD
AFJKU,NASD
AFL,NYSE
AFOS,NASD
AFRI,NASD
AFRIW,NASD
AFRM,NASD
AFSC,NASD
AFYA,NASD
AG,NYSE
AGBK,NYSE
AGCC,NASD
AGCO,NYSE
AGD,NYSE
AGEM,NASD
AGEN,NASD
AGGA,NASD
AGI,NYSE
AGIG,AMEX
AGIO,NASD
AGIX,NASD
AGL,NYSE
AGM,NYSE
AGM.A,NYSE
AGMB,NASD
AGMH,NASD
AGMI,NASD
AGNC,NASD
AGNCL,NASD
AGNCM,NASD
AGNCN,NASD
AGNCO,NASD
AGNCP,NASD
AGNCZ,NASD
AGNG,NASD
AGNT,NASD
AGO,NYSE
AGPU,NASD
AGRO,NYSE
AGRZ,NASD
AGX,NYSE
AGYS,NASD
AGZD,NASD
AHCO,NASD
AHD,NASD
AHG,NASD
AHMA,NASD
AHR,NYSE
AHRT,NYSE
AHT,NYSE
AI,NYSE
AIA,NASD
AIAI,NASD
AIB,AMEX
AIBZ,NASD
AIDX,NASD
AIFA,NASD
AIFC,NASD
AIFD,NASD
AIFF,NASD
AIFU,NASD
AIG,NYSE
AIHS,NASD
AII,NYSE
AIIA,NYSE
AIIA.R,NYSE
AIIA.U,NYSE
AIIO,NASD
AIIOW,NASD
AIIR,NASD
AIM,AMEX
AIMD,NASD
AIMDW,NASD
AIMS,NASD
AIN,NYSE
AINF,NASD
AIO,NYSE
AIOS,NASD
AIOT,NASD
AIP,NASD
AIPI,NASD
AIPO,NASD
AIQ,NASD
AIR,NYSE
AIRE,NASD
AIRG,NASD
AIRI,AMEX
AIRJ,NASD
AIRJW,NASD
AIRO,NASD
AIRR,NASD
AIRS,NASD
AIRT,NASD
AIRTP,NASD
AISP,NASD
AISPW,NASD
AIT,NYSE
AIV,NYSE
AIX,NASD
AIXC,NASD
AIXI,NASD
AIZ,NYSE
AIZN,NYSE
AJG,NYSE
AKA,NYSE
AKAF,NYSE
AKAM,NASD
AKAN,NASD
AKBA,NASD
AKO.A,NYSE
AKO.B,NYSE
AKR,NYSE
AKTS,NASD
AKTX,NASD
ALAB,NASD
ALAR,NASD
ALB,NYSE
ALBG,NASD
ALC,NYSE
ALCO,NASD
ALDF,NASD
ALDFU,NASD
ALDFW,NASD
ALDX,NASD
ALEC,NASD
ALF,NASD
ALFUU,NASD
ALFUW,NASD
ALG,NYSE
ALGM,NASD
ALGN,NASD
ALGS,NASD
ALGT,NASD
ALH,NYSE
ALHC,NASD
ALIL,NASD
ALIS,NASD
ALISR,NASD
ALISU,NASD
ALIT,NYSE
ALK,NYSE
ALKS,NASD
ALKT,NASD
ALL,NYSE
ALLE,NYSE
ALLO,NASD
ALLR,NASD
ALLT,NASD
ALLW,NASD
ALLY,NYSE
ALM,NASD
ALMR,NASD
ALMS,NASD
ALMU,NASD
ALNT,NASD
ALNY,NASD
ALOT,NASD
ALOV,NASD
ALOVU,NASD
ALOVW,NASD
ALOY,NASD
ALP,NASD
ALPS,NASD
ALPX,NASD
ALPXR,NASD
ALPXU,NASD
ALPXW,NASD
ALRM,NASD
ALRS,NASD
ALSN,NYSE
ALT,NASD
ALTG,NYSE
ALTI,NASD
ALTO,NASD
ALTY,NASD
ALUB,NYSE
ALUB.U,NYSE
ALUB.W,NYSE
ALV,NYSE
ALVO,NASD
ALVOW,NASD
ALX,NYSE
ALXO,NASD
ALZN,NASD
AM,NYSE
AMA,NASD
AMACU,NASD
AMAL,NASD
AMAN,NASD
AMAT,NASD
AMBA,NASD
AMBO,AMEX
AMBP,NYSE
AMBQ,NYSE
AMBR,NASD
AMC,NYSE
AMCI,NASD
AMCR,NYSE
AMCX,NASD
AMD,NASD
AMDD,NASD
AMDG,NASD
AMDL,NASD
AME,NYSE
AMEI,NASD
AMEM,NASD
AMG,NYSE
AMGN,NASD
AMGR,NASD
AMH,NYSE
AMID,NASD
AMIX,NASD
AMKR,NASD
AMLX,NASD
AMN,NYSE
AMOD,NASD
AMODW,NASD
AMP,NYSE
AMPG,NASD
AMPGZ,NASD
AMPH,NASD
AMPL,NASD
AMPX,NYSE
AMPX.W,NYSE
AMPY,NYSE
AMR,NYSE
AMRC,NYSE
AMRN,NASD
AMRX,NASD
AMRZ,NYSE
AMS,AMEX
AMSC,NASD
AMSF,NASD
AMSS,NASD
AMST,NASD
AMT,NYSE
AMTB,NYSE
AMTD,NYSE
AMTM,NYSE
AMTX,NASD
AMUN,NASD
AMUU,NASD
AMWL,NYSE
AMX,NYSE
AMYY,NASD
AMZD,NASD
AMZE,AMEX
AMZN,NASD
AMZU,NASD
AMZZ,NASD
AN,NYSE
ANAB,NASD
ANDE,NASD
ANDG,NYSE
ANEL,NASD
ANET,NYSE
ANF,NYSE
ANGH,NASD
ANGHW,NASD
ANGI,NASD
ANGL,NASD
ANGO,NASD
ANGU,NASD
ANGX,NYSE
ANIK,NASD
ANIP,NASD
ANIX,NASD
ANL,NASD
ANNA,NASD
ANNAW,NASD
ANNX,NASD
ANPA,NASD
ANRO,NYSE
ANTA,NASD
ANTX,NASD
ANV,NASD
ANVS,NYSE
ANY,NASD
AOD,NYSE
AOHY,NASD
AOMD,NYSE
AOMN,NYSE
AOMR,NYSE
AON,NYSE
AORT,NYSE
AOS,NYSE
AOSL,NASD
AOTG,NASD
AOUT,NASD
AP,NYSE
APA,NASD
APAC,NASD
APACR,NASD
APACU,NASD
APAM,NYSE
APC,NASD
APD,NYSE
APEI,NASD
APG,NYSE
APGE,NASD
APH,NYSE
API,NASD
APLD,NASD
APLE,NYSE
APLM,NASD
APLMW,NASD
APMC,NASD
APMCR,NASD
APMCU,NASD
APMD,NASD
APO,NYSE
APOG,NASD
APOS,NYSE
APP,NASD
APPF,NASD
APPN,NASD
APPS,NASD
APPX,NASD
APRE,NASD
APT,AMEX
APTV,NYSE
APUR,NASD
APURR,NASD
APUS,AMEX
APVO,NASD
APWC,NASD
APXT,NASD
APXTU,NASD
APXTW,NASD
APYX,NASD
AQB,NASD
AQLG,NASD
AQMS,NASD
AQN,NYSE
AQNB,NYSE
AQST,NASD
AQWA,NASD
AR,NYSE
ARAI,NASD
ARAY,NASD
ARBB,NASD
ARBE,NASD
ARBEW,NASD
ARBK,NASD
ARCB,NASD
ARCC,NASD
ARCI,NASD
ARCIU,NASD
ARCIW,NASD
ARCL,NASD
ARCLR,NASD
ARCLU,NASD
ARCLW,NASD
ARCO,NYSE
ARCT,NASD
ARDC,NYSE
ARDT,NYSE
ARDX,NASD
ARE,NYSE
AREC,NASD
AREN,AMEX
ARES,NYSE
ARGX,NASD
ARHS,NASD
ARI,NYSE
ARIS,NYSE
ARKO,NASD
ARKR,NASD
ARL,NYSE
ARLO,NYSE
ARLP,NASD
ARM,NASD
ARMG,NASD
ARMK,NYSE
ARMP,AMEX
ARMY,NASD
AROC,NYSE
AROW,NASD
ARQ,NASD
ARQQ,NASD
ARQQW,NASD
ARQT,NASD
ARR,NYSE
ARRY,NASD
ARTC,NASD
ARTCU,NASD
ARTCW,NASD
ARTL,NASD
ARTNA,NASD
ARTV,NASD
ARTW,NASD
ARVN,NASD
ARVR,NASD
ARW,NYSE
ARWR,NASD
ARX,NYSE
ARXS,NASD
AS,NYSE
ASA,NYSE
ASAN,NYSE
ASB,NYSE
ASBA,NYSE
ASBP,NASD
ASBPW,NASD
ASC,NYSE
ASCI,NASD
ASD,NASD
ASEC,NASD
ASG,NYSE
ASGI,NYSE
ASH,NYSE
ASIC,NYSE
ASIX,NYSE
ASLE,NASD
ASM,AMEX
ASMB,NASD
ASMG,NASD
ASML,NASD
ASMU,NASD
ASND,NASD
ASO,NASD
ASPC,NASD
ASPCR,NASD
ASPCU,NASD
ASPI,NASD
ASPN,NYSE
ASPS,NASD
ASPSW,NASD
ASPSZ,NASD
ASR,NYSE
ASRV,NASD
ASST,NASD
ASTC,NASD
ASTE,NASD
ASTH,NASD
ASTI,NASD
ASTL,NASD
ASTLW,NASD
ASTS,NASD
ASUR,NASD
ASX,NYSE
ASYS,NASD
ATAI,NASD
ATAT,NASD
ATC,NASD
ATCH,AMEX
ATCX,NASD
ATEC,NASD
ATEN,NYSE
ATER,NASD
ATEX,NASD
ATGL,NASD
ATHE,NASD
ATHM,NYSE
ATHR,NASD
ATHS,NYSE
ATI,NYSE
ATII,NASD
ATIIU,NASD
ATIIW,NASD
ATKR,NYSE
ATLC,NASD
ATLCL,NASD
ATLCP,NASD
ATLCZ,NASD
ATLO,NASD
ATLX,NASD
ATMU,NYSE
ATNI,NASD
ATNM,AMEX
ATO,NYSE
ATOM,NASD
ATOS,NASD
ATPC,NASD
ATR,NYSE
ATRA,NASD
ATRC,NASD
ATRO,NASD
ATS,NYSE
ATTO,NASD
ATXG,NASD
ATYR,NASD
AU,NYSE
AUB,NYSE
AUBN,NASD
AUC,NASD
AUDC,NASD
AUGO,NASD
AUID,NASD
AUMI,NASD
AUNA,NYSE
AUPH,NASD
AUR,NASD
AURA,NASD
AURE,NASD
AUROW,NASD
AUST,AMEX
AUTL,NASD
AUUD,NASD
AVA,NYSE
AVAH,NASD
AVAL,NYSE
AVAT,NASD
AVAV,NASD
AVBC,NYSE
AVBH,NASD
AVBP,NASD
AVD,NYSE
AVEX,NYSE
AVGB,NASD
AVGG,NASD
AVGO,NASD
AVGU,NASD
AVGX,NASD
AVIR,NASD
AVK,NYSE
AVL,NASD
AVLN,NASD
AVNT,NYSE
AVNW,NASD
AVO,NASD
AVOS,NASD
AVPT,NASD
AVR,NASD
AVS,NASD
AVT,NASD
AVTR,NYSE
AVTX,NASD
AVUQ,NASD
AVX,NASD
AVXC,NASD
AVXL,NASD
AVXX,NASD
AVY,NYSE
AWF,NYSE
AWI,NYSE
AWK,NYSE
AWP,NYSE
AWR,NYSE
AWRE,NASD
AWX,AMEX
AX,NYSE
AXG,NASD
AXGN,NASD
AXIL,AMEX
AXIN,NASD
AXINR,NASD
AXINU,NASD
AXON,NASD
AXP,NYSE
AXR,NYSE
AXS,NYSE
AXSM,NASD
AXTA,NYSE
AXTI,NASD
AYA,NASD
AYI,NYSE
AYTU,NASD
AZ,NASD
AZI,NASD
AZIO,NASD
AZN,NYSE
AZO,NYSE
AZTA,NASD
AZTR,AMEX
AZUL,NYSE
AZYY,NASD
AZZ,NYSE
B,NYSE
BA,NYSE
BABA,NYSE
BABU,NASD
BABX,NASD
BAC,NYSE
BACC,NASD
BACCR,NASD
BACCU,NASD
BAER,NASD
BAERW,NASD
BAFE,NASD
BAFN,NASD
BAH,NYSE
BAIG,NASD
BAIV,NASD
BAK,NYSE
BALL,NYSE
BALQ,NASD
BALY,NYSE
BAM,NYSE
BANC,NYSE
BAND,NASD
BANF,NASD
BANFP,NASD
BANL,NASD
BANR,NASD
BANX,NASD
BAOS,NASD
BAP,NYSE
BARK,NYSE
BASG,NASD
BASV,NASD
BATL,AMEX
BATRA,NASD
BATRK,NASD
BAX,NYSE
BB,NYSE
BBAI,NYSE
BBAI.W,NYSE
BBAR,NYSE
BBB,NASD
BBBYW,NASD
BBCP,NASD
BBCQ,NASD
BBCQU,NASD
BBCQW,NASD
BBD,NYSE
BBDC,NYSE
BBDO,NYSE
BBGI,NASD
BBH,NASD
BBIO,NASD
BBLG,NASD
BBLGW,NASD
BBN,NYSE
BBNX,NASD
BBOT,NASD
BBSI,NASD
BBT,NYSE
BBUC,NYSE
BBUL,NASD
BBVA,NYSE
BBW,NYSE
BBWI,NYSE
BBY,NYSE
BBYY,NASD
BC,NYSE
BCAB,NASD
BCAL,NASD
BCAR,NASD
BCARU,NASD
BCARW,NASD
BCAT,NYSE
BCAX,NASD
BCBP,NASD
BCC,NYSE
BCCQ,NASD
BCCQU,NASD
BCCQW,NASD
BCDA,NASD
BCE,NYSE
BCEM,NYSE
BCFN,NASD
BCG,NASD
BCGD,NYSE
BCGWW,NASD
BCH,NYSE
BCHT,AMEX
BCIC,NASD
BCLO,NASD
BCML,NASD
BCO,NYSE
BCPC,NASD
BCRX,NASD
BCS,NYSE
BCSF,NYSE
BCSM,NYSE
BCSS,NYSE
BCSS.U,NYSE
BCSS.W,NYSE
BCTK,NASD
BCTX,NASD
BCTXL,NASD
BCTXZ,NASD
BCV,AMEX
BCX,NYSE
BCYC,NASD
BDC,NYSE
BDCI,NASD
BDCIU,NASD
BDCIW,NASD
BDGS,NASD
BDJ,NYSE
BDL,AMEX
BDMD,NASD
BDMDW,NASD
BDN,NYSE
BDRX,NASD
BDSX,NASD
BDTX,NASD
BDVL,NASD
BDX,NYSE
BDYN,NASD
BE,NYSE
BEAG,NASD
BEAGR,NASD
BEAGU,NASD
BEAM,NASD
BEAT,NASD
BEATW,NASD
BEBE,NYSE
BEBE.U,NYSE
BEBE.W,NYSE
BEDY,NASD
BEEM,NASD
BEEP,NASD
BEEX,NASD
BEEZ,NASD
BEG,NASD
BEKE,NYSE
BELFA,NASD
BELFB,NASD
BEN,NYSE
BENF,NASD
BENFW,NASD
BEP,NYSE
BEPC,NYSE
BEPH,NYSE
BEPI,NYSE
BEPJ,NYSE
BESO,NASD
BESS,AMEX
BESS.W,AMEX
BETA,NYSE
BETR,NASD
BETRW,NASD
BF.A,NYSE
BF.B,NYSE
BFAM,NYSE
BFC,NASD
BFH,NYSE
BFLX,NASD
BFLY,NYSE
BFRG,NASD
BFRGW,NASD
BFRI,NASD
BFRIW,NASD
BFS,NYSE
BFST,NASD
BG,NYSE
BGB,NYSE
BGC,NASD
BGCG,NASD
BGDE,NASD
BGEG,NASD
BGGG,NASD
BGH,NYSE
BGI,AMEX
BGIA,NASD
BGIN,NASD
BGL,NASD
BGLC,NASD
BGLWW,NASD
BGM,NASD
BGMS,NASD
BGR,NYSE
BGRN,NASD
BGRO,NASD
BGS,NYSE
BGSF,NYSE
BGSI,NYSE
BGT,NYSE
BGUS,NASD
BGX,NYSE
BGY,NYSE
BH,NYSE
BH.A,NYSE
BHAV,NASD
BHAVR,NASD
BHAVU,NASD
BHB,AMEX
BHC,NYSE
BHDG,NASD
BHE,NYSE
BHF,NASD
BHFAL,NASD
BHFAM,NASD
BHFAN,NASD
BHFAO,NASD
BHFAP,NASD
BHK,NYSE
BHM,AMEX
BHP,NYSE
BHR,NYSE
BHRB,NASD
BHST,NASD
BHV,NYSE
BHVN,NYSE
BIAF,NASD
BIAFW,NASD
BIB,NASD
BID,NASD
BIDG,NASD
BIDU,NASD
BIDWR,NASD
BIDWU,NASD
BIIB,NASD
BIII,NYSE
BIII.U,NYSE
BIII.W,NYSE
BILI,NASD
BILL,NYSE
BIO,NYSE
BIO.B,NYSE
BIOA,NASD
BIOT,NASD
BIOTW,NASD
BIOX,NASD
BIOY,NASD
BIP,NYSE
BIPC,NYSE
BIPH,NYSE
BIPI,NYSE
BIPJ,NYSE
BIRD,NASD
BIRK,NYSE
BIS,NASD
BIT,NYSE
BITA,NASD
BITS,NASD
BIVI,NASD
BIVIW,NASD
BIXI,NASD
BIXIU,NASD
BIXIW,NASD
BIYA,NASD
BJ,NYSE
BJDX,NASD
BJRI,NASD
BKCH,NASD
BKD,NYSE
BKE,NYSE
BKH,NYSE
BKHA,NASD
BKHAR,NASD
BKHAU,NASD
BKKT,NYSE
BKKT.W,NYSE
BKMI,NASD
BKMS,NASD
BKNG,NASD
BKR,NASD
BKSY,NYSE
BKT,NYSE
BKTI,AMEX
BKU,NYSE
BKV,NYSE
BKYI,NASD
BL,NASD
BLBD,NASD
BLCO,NYSE
BLCR,NASD
BLDP,NASD
BLDR,NYSE
BLFS,NASD
BLIN,NASD
BLIV,NASD
BLK,NYSE
BLKB,NASD
BLLN,NASD
BLMN,NASD
BLND,NYSE
BLNE,NASD
BLNK,NASD
BLRK,NASD
BLRKU,NASD
BLRKW,NASD
BLRX,NASD
BLSG,NASD
BLSH,NYSE
BLSM,NASD
BLTE,NASD
BLUW,NASD
BLUWU,NASD
BLUWW,NASD
BLW,NYSE
BLX,NYSE
BLZE,NASD
BLZR,NASD
BLZRU,NASD
BLZRW,NASD
BMA,NYSE
BMBL,NASD
BME,NYSE
BMEA,NASD
BMEZ,NYSE
BMGL,NASD
BMHL,NASD
BMI,NYSE
BMM,NASD
BMN,NYSE
BMNG,NASD
BMNP,NYSE
BMNR,NYSE
BMO,NYSE
BMOP,NASD
BMR,NASD
BMRA,NASD
BMRC,NASD
BMRN,NASD
BMY,NYSE
BN,NYSE
BNAI,NASD
BNAIW,NASD
BNC,NASD
BNCWW,NASD
BNCWZ,NASD
BND,NASD
BNDP,NASD
BNDW,NASD
BNDX,NASD
BNED,NYSE
BNGO,NASD
BNH,NYSE
BNJ,NYSE
BNKK,NASD
BNL,NYSE
BNR,NASD
BNS,NYSE
BNT,NYSE
BNTC,NASD
BNTX,NASD
BNY,NYSE
BOBS,NYSE
BOC,NYSE
BODI,NASD
BOE,NYSE
BOEG,NASD
BOEU,NASD
BOF,NASD
BOH,NYSE
BOKF,NASD
BOLD,NASD
BOLT,NASD
BON,NASD
BOND,NYSE
BOOM,NASD
BOOT,NYSE
BORR,NYSE
BOSC,NASD
BOT,NASD
BOTJ,NASD
BOTT,NASD
BOTZ,NASD
BOW,NYSE
BOX,NYSE
BOXL,NASD
BP,NYSE
BPAC,NASD
BPACR,NASD
BPACU,NASD
BPOP,NASD
BPOPM,NASD
BPRE,NYSE
BPRN,NASD
BPYPM,NASD
BPYPN,NASD
BPYPO,NASD
BPYPP,NASD
BQ,AMEX
BR,NYSE
BRAG,NASD
BRAI,NASD
BRBI,NASD
BRBR,NYSE
BRBS,AMEX
BRC,NYSE
BRCB,NASD
BRCC,NYSE
BRCE,NYSE
BREE,NYSE
BREM,NASD
BRES,NASD
BREZ,NASD
BREZR,NASD
BRFH,NASD
BRHY,NASD
BRIA,AMEX
BRID,NASD
BRIE,NYSE
BRK.A,NYSE
BRK.B,NYSE
BRKH,NASD
BRKHU,NASD
BRKHW,NASD
BRKR,NASD
BRKRP,NASD
BRKU,NASD
BRLS,NASD
BRLSW,NASD
BRLT,NASD
BRN,AMEX
BRNS,NASD
BRNX,NASD
BRNY,NASD
BRO,NYSE
BROL,NYSE
BROS,NYSE
BRR,NASD
BRRR,NASD
BRRWW,NASD
BRSL,NYSE
BRSP,NYSE
BRT,NYSE
BRTMU,NASD
BRTR,NASD
BRTX,NASD
BRUN,NASD
BRUNW,NASD
BRVE,NASD
BRW,NYSE
BRX,NYSE
BRZE,NASD
BSAA,NASD
BSAAR,NASD
BSAAU,NASD
BSAC,NYSE
BSBK,NASD
BSBR,NYSE
BSCA,NASD
BSCQ,NASD
BSCR,NASD
BSCS,NASD
BSCT,NASD
BSCU,NASD
BSCV,NASD
BSCW,NASD
BSCX,NASD
BSCY,NASD
BSCZ,NASD
BSEM,NASD
BSET,NASD
BSGR,NASD
BSGT,NASD
BSIN,NASD
BSJQ,NASD
BSJR,NASD
BSJS,NASD
BSJT,NASD
BSJU,NASD
BSJV,NASD
BSJW,NASD
BSJX,NASD
BSJY,NASD
BSL,NYSE
BSM,NYSE
BSMQ,NASD
BSMR,NASD
BSMS,NASD
BSMT,NASD
BSMU,NASD
BSMV,NASD
BSMW,NASD
BSMY,NASD
BSMZ,NASD
BSP,NASD
BSRR,NASD
BSSX,NASD
BST,NYSE
BSTS,NASD
BSTU,NASD
BSTV,NASD
BSTZ,NYSE
BSVN,NASD
BSVO,NASD
BSX,NYSE
BSY,NASD
BTAI,NASD
BTBD,NASD
BTBDW,NASD
BTBT,NASD
BTCS,NASD
BTCT,NASD
BTDL,NASD
BTDR,NASD
BTE,NYSE
BTF,NASD
BTG,AMEX
BTGD,NASD
BTGO,NYSE
BTI,NYSE
BTLN,NASD
BTMD,NASD
BTO,NYSE
BTOC,NASD
BTOG,NASD
BTQ,NASD
BTSG,NASD
BTSGU,NASD
BTT,NYSE
BTTC,NASD
BTU,NYSE
BTX,NYSE
BTZ,NYSE
BUD,NYSE
BUDA,AMEX
BUFC,NASD
BUFI,NASD
BUFM,NASD
BUG,NASD
BUI,NYSE
BULD,NASD
BULG,NASD
BULL,NASD
BULLW,NASD
BUR,NYSE
BURL,NYSE
BUSE,NASD
BUSEP,NASD
BUUU,NASD
BUXX,NYSE
BV,NYSE
BVC,NASD
BVFL,NASD
BVN,NYSE
BVS,NASD
BW,NYSE
BWA,NYSE
BWAY,NASD
BWB,NASD
BWBBP,NASD
BWEN,NASD
BWFG,NASD
BWG,NYSE
BWIN,NASD
BWIV,NYSE
BWIV.U,NYSE
BWIV.W,NYSE
BWLP,NYSE
BWMN,NASD
BWMX,NYSE
BWXT,NYSE
BX,NYSE
BXBL,NASD
BXC,NYSE
BXDC,NYSE
BXMT,NYSE
BXP,NYSE
BXSL,NYSE
BY,NYSE
BYAH,NASD
BYD,NYSE
BYFC,NASD
BYND,NASD
BYRN,NASD
BYSI,NASD
BZ,NASD
BZAI,NASD
BZAIW,NASD
BZFD,NASD
BZFDW,NASD
BZH,NYSE
BZUN,NASD
C,NYSE
CAAP,NYSE
CAAS,NASD
CABA,NASD
CABO,NYSE
CABR,NASD
CAC,NASD
CACC,NASD
CACI,NYSE
CADL,NASD
CAE,NASD
CAES,NASD
CAF,NYSE
CAFG,NASD
CAG,NYSE
CAH,NYSE
CAI,NASD
CAII,NASD
CAIIU,NASD
CAIIW,NASD
CAIQ,NASD
CAKE,NASD
CAL,NYSE
CALC,NASD
CALI,NASD
CALM,NASD
CALX,NYSE
CALY,NYSE
CAMP,NASD
CAMT,NASD
CAN,NASD
CANC,NASD
CANF,AMEX
CANG,NYSE
CANQ,NASD
CAPL,NYSE
CAPN,NASD
CAPNR,NASD
CAPNU,NASD
CAPR,NASD
CAPS,NASD
CAQ,NASD
CAQUU,NASD
CAQUW,NASD
CAR,NASD
CARE,NASD
CARG,NASD
CARL,NASD
CARR,NYSE
CARS,NYSE
CART,NASD
CARY,NASD
CARZ,NASD
CASH,NASD
CASS,NASD
CAST,NASD
CASY,NASD
CAT,NYSE
CATH,NASD
CATLU,NASD
CATO,NYSE
CATX,AMEX
CATY,NASD
CAVA,NYSE
CB,NYSE
CBAN,NYSE
CBAT,NASD
CBC,NASD
CBFV,NASD
CBIO,NASD
CBK,NASD
CBL,NYSE
CBLL,NASD
CBNA,NYSE
CBNK,NASD
CBRE,NYSE
CBRL,NASD
CBRS,NASD
CBSH,NASD
CBT,NYSE
CBU,NYSE
CBUS,NASD
CBZ,NYSE
CC,NYSE
CCAP,NASD
CCAQ,NASD
CCAQU,NASD
CCAQW,NASD
CCB,NASD
CCBG,NASD
CCC,NASD
CCCC,NASD
CCCT,NASD
CCCTU,NASD
CCCTW,NASD
CCD,NASD
CCEC,NASD
CCEL,AMEX
CCEP,NASD
CCFE,NASD
CCG,NASD
CCGWW,NASD
CCHH,NASD
CCI,NYSE
CCID,NYSE
CCIF,NYSE
CCII,NASD
CCIIU,NASD
CCIIW,NASD
CCJ,NYSE
CCK,NYSE
CCL,NYSE
CCLD,NASD
CCM,NYSE
CCNE,NASD
CCNEP,NASD
CCNR,NASD
CCO,NYSE
CCOI,NASD
CCS,NYSE
CCSB,NASD
CCSI,NASD
CCSO,NASD
CCTG,NASD
CCU,NYSE
CCXI,NASD
CCXIU,NASD
CCXIW,NASD
CCZ,NYSE
CD,NASD
CDC,NASD
CDE,NYSE
CDIG,NASD
CDIO,NASD
CDIOW,NASD
CDL,NASD
CDLR,NYSE
CDLX,NASD
CDNA,NASD
CDNL,NASD
CDNS,NASD
CDP,NYSE
CDRE,NYSE
CDRO,NASD
CDROW,NASD
CDT,NASD
CDTG,NASD
CDTTW,NASD
CDW,NASD
CDXS,NASD
CDZI,NASD
CDZIP,NASD
CE,NYSE
CECO,NASD
CEE,NYSE
CEFA,NASD
CEG,NASD
CELC,NASD
CELG.R,NYSE
CELH,NASD
CELU,NASD
CELZ,NASD
CENN,NASD
CENT,NASD
CENTA,NASD
CENX,NASD
CEPF,NASD
CEPI,NASD
CEPL,NASD
CEPO,NASD
CEPS,NASD
CEPU,NYSE
CEPV,NASD
CERS,NASD
CERT,NASD
CET,AMEX
CETX,NASD
CETY,NASD
CEV,AMEX
CEVA,NASD
CF,NYSE
CFA,NASD
CFBK,NASD
CFFI,NASD
CFFN,NASD
CFG,NYSE
CFND,NYSE
CFO,NASD
CFR,NYSE
CG,NASD
CGABL,NASD
CGAU,NYSE
CGBD,NASD
CGC,NASD
CGCF,NASD
CGCFU,NASD
CGCFW,NASD
CGEM,NASD
CGEN,NASD
CGNT,NASD
CGNX,NASD
CGO,NASD
CGON,NASD
CGPT,NASD
CGTL,NASD
CGTX,NASD
CGV,NYSE
CHA,NASD
CHAI,NASD
CHAR,NASD
CHARR,NASD
CHARU,NASD
CHCI,NASD
CHCO,NASD
CHCT,NYSE
CHD,NYSE
CHDN,NASD
CHE,NYSE
CHEC,NASD
CHECU,NASD
CHECW,NASD
CHEF,NASD
CHGA,NASD
CHGG,NYSE
CHGX,NASD
CHH,NYSE
CHI,NASD
CHKP,NASD
CHMG,NASD
CHMI,NYSE
CHNR,NASD
CHOW,AMEX
CHPG,NASD
CHPGR,NASD
CHPGU,NASD
CHPS,NASD
CHPT,NYSE
CHPX,NASD
CHR,NASD
CHRD,NASD
CHRI,NASD
CHRN,NASD
CHRS,NASD
CHRW,NASD
CHSCL,NASD
CHSCM,NASD
CHSCN,NASD
CHSCO,NASD
CHSCP,NASD
CHSN,NASD
CHT,NYSE
CHTR,NASD
CHTRP,NASD
CHW,NASD
CHWY,NYSE
CHY,NASD
CHYM,NASD
CI,NYSE
CIA,NYSE
CIB,NYSE
CIBR,NASD
CICB,NYSE
CICC,NYSE
CIEN,NYSE
CIFG,NASD
CIFR,NASD
CIG,NYSE
CIG.C,NYSE
CIGI,NASD
CIGL,NASD
CII,NYSE
CIIT,NASD
CIK,AMEX
CIM,NYSE
CIMN,NYSE
CIMO,NYSE
CIMP,NYSE
CINF,NASD
CING,NASD
CINGW,NASD
CINT,NYSE
CION,NYSE
CIRC,NASD
CISO,NASD
CISS,NASD
CITR,AMEX
CIVB,NASD
CIX,AMEX
CJMB,NASD
CKX,AMEX
CL,NYSE
CLAR,NASD
CLB,NYSE
CLBK,NASD
CLBR,NYSE
CLBR.U,NYSE
CLBR.W,NYSE
CLBT,NASD
CLDI,AMEX
CLDT,NYSE
CLDX,NASD
CLF,NYSE
CLFD,NASD
CLGN,NASD
CLH,NYSE
CLIK,NASD
CLIR,NASD
CLLS,NASD
CLM,AMEX
CLMB,NASD
CLMT,NASD
CLNE,NASD
CLNN,NASD
CLOA,NASD
CLOD,NASD
CLOU,NASD
CLOV,NASD
CLPR,NYSE
CLPS,NASD
CLPT,NASD
CLRB,NASD
CLRO,NASD
CLS,NYSE
CLSK,NASD
CLSKW,NASD
CLSM,NASD
CLST,NASD
CLVT,NYSE
CLW,NYSE
CLWT,NASD
CLX,NYSE
CLYM,NASD
CM,NYSE
CMBO,NASD
CMBT,NYSE
CMC,NYSE
CMCL,AMEX
CMCM,NYSE
CMCO,NASD
CMCSA,NASD
CMCT,NASD
CMDB,NYSE
CME,NASD
CMG,NYSE
CMI,NYSE
CMII,NASD
CMIIU,NASD
CMIIW,NASD
CMMB,NASD
CMND,NASD
CMP,NYSE
CMPR,NASD
CMPS,NASD
CMPX,NASD
CMRC,NASD
CMRE,NYSE
CMS,NYSE
CMSA,NYSE
CMSC,NYSE
CMSD,NYSE
CMT,AMEX
CMTG,NYSE
CMTL,NASD
CMTV,NASD
CNA,NYSE
CNC,NYSE
CNCK,NASD
CNCKW,NASD
CNDT,NASD
CNET,NASD
CNEY,NASD
CNF,NYSE
CNH,NYSE
CNI,NYSE
CNK,NYSE
CNL,NASD
CNM,NYSE
CNMD,NYSE
CNNE,NYSE
CNO,NYSE
CNOB,NASD
CNOBP,NASD
CNP,NYSE
CNQ,NYSE
CNQQ,NASD
CNR,NYSE
CNS,NYSE
CNSP,NASD
CNSY,NASD
CNTB,NASD
CNTN,NASD
CNTX,NASD
CNTY,NASD
CNVS,NASD
CNX,NYSE
CNXC,NASD
CNXN,NASD
CNXU,NASD
COAG,NASD
COCH,NASD
COCHW,NASD
COCO,NASD
COCP,NASD
CODA,NASD
CODI,NYSE
CODX,NASD
COE,AMEX
COF,NYSE
COFS,NASD
COGT,NASD
COHN,AMEX
COHR,NYSE
COHU,NASD
COIG,NASD
COIN,NASD
COKE,NASD
COLA,NASD
COLAR,NASD
COLAU,NASD
COLB,NASD
COLD,NYSE
COLL,NASD
COLM,NASD
COMP,NYSE
COMT,NASD
CON,NYSE
CONI,NASD
CONL,NASD
CONX,NASD
COO,NASD
COOK,NYSE
COOL,NASD
COOT,NASD
COOTW,NASD
COP,NYSE
COPJ,NASD
COPL,NYSE
COPL.U,NYSE
COPL.W,NYSE
COPP,NASD
COPR,AMEX
COPR.W,AMEX
COR,NYSE
CORO,NASD
CORT,NASD
CORZ,NASD
CORZW,NASD
CORZZ,NASD
COSM,NASD
COSO,NYSE
COST,NASD
COTG,NASD
COTY,NYSE
COUR,NYSE
COWG,NASD
COWS,NASD
COYA,NASD
COYY,NASD
CP,NYSE
CPA,NYSE
CPAC,NYSE
CPAG,NASD
CPAI,NYSE
CPAY,NYSE
CPB,NASD
CPBI,NASD
CPF,NYSE
CPHC,NASD
CPHI,AMEX
CPHY,NASD
CPIX,NASD
CPK,NYSE
CPLS,NASD
CPNG,NYSE
CPOP,NASD
CPRI,NYSE
CPRT,NASD
CPS,NYSE
CPSH,NASD
CPSS,NASD
CPT,NYSE
CPTL,NASD
CPZ,NASD
CQP,NYSE
CR,NYSE
CRAC,NASD
CRACR,NASD
CRACU,NASD
CRACW,NASD
CRAI,NASD
CRAN,NASD
CRANR,NASD
CRANU,NASD
CRAQ,NASD
CRAQR,NASD
CRAQU,NASD
CRBD,NYSE
CRBG,NYSE
CRBP,NASD
CRBU,NASD
CRC,NYSE
CRCG,NASD
CRCL,NYSE
CRCT,NASD
CRD.A,NYSE
CRD.B,NYSE
CRDF,NASD
CRDL,NASD
CRDO,NASD
CRE,NASD
CRESY,NASD
CREX,NASD
CRF,AMEX
CRGO,NASD
CRGOW,NASD
CRGY,NYSE
CRH,NYSE
CRI,NYSE
CRIS,NASD
CRK,NYSE
CRL,NYSE
CRM,NYSE
CRMD,NASD
CRMG,NASD
CRML,NASD
CRMLW,NASD
CRMT,NASD
CRMU,NASD
CRNC,NASD
CRNT,NASD
CRNX,NASD
CROB,NASD
CRON,NASD
CROX,NASD
CRS,NYSE
CRSP,NASD
CRSR,NASD
CRT,NYSE
CRTO,NASD
CRUS,NASD
CRVL,NASD
CRVO,NASD
CRVS,NASD
CRWD,NASD
CRWG,NASD
CRWL,NASD
CRWS,NASD
CRWV,NASD
CRY,NASD
CSAI,NASD
CSAN,NYSE
CSB,NASD
CSBR,NASD
CSCL,NASD
CSCO,NASD
CSCS,NASD
CSEN,NASD
CSGP,NASD
CSHR,NASD
CSHRW,NASD
CSIQ,NASD
CSL,NYSE
CSPI,NASD
CSQ,NASD
CSQR,NYSE
CSR,NYSE
CSTE,NASD
CSTL,NASD
CSTM,NYSE
CSV,NYSE
CSW,NYSE
CSWC,NASD
CSX,NASD
CTAA,NASD
CTAAR,NASD
CTAAU,NASD
CTAS,NASD
CTBI,NASD
CTEC,NASD
CTEV,NYSE
CTGG,NYSE
CTGO,AMEX
CTHH,NYSE
CTKB,NASD
CTM,AMEX
CTMX,NASD
CTNM,NASD
CTNT,NASD
CTO,NYSE
CTOR,NASD
CTOS,NYSE
CTRE,NYSE
CTRI,NYSE
CTRM,NASD
CTRN,NASD
CTS,NYSE
CTSH,NASD
CTSO,NASD
CTVA,NYSE
CTW,NASD
CTXR,NASD
CUB,NASD
CUBB,NYSE
CUBE,NYSE
CUBI,NYSE
CUBWU,NASD
CUBWW,NASD
CUE,NASD
CULP,NASD
CUPR,NASD
CURB,NYSE
CURI,NASD
CURR,NASD
CURV,NYSE
CURX,NASD
CUVL,NASD
CUZ,NYSE
CV,NASD
CVBF,NASD
CVCO,NASD
CVE,NYSE
CVEO,NYSE
CVGI,NASD
CVI,NYSE
CVKD,NASD
CVLG,NYSE
CVLT,NASD
CVM,AMEX
CVNA,NYSE
CVR,AMEX
CVRX,NASD
CVS,NYSE
CVSA,NYSE
CVU,AMEX
CVV,NASD
CVX,NYSE
CW,NYSE
CWBC,NASD
CWCO,NASD
CWD,NASD
CWEN,NYSE
CWH,NYSE
CWK,NYSE
CWST,NASD
CWT,NYSE
CWY,NASD
CX,NYSE
CXAI,NASD
CXAIW,NASD
CXDO,NASD
CXII,NASD
CXIIU,NASD
CXIIW,NASD
CXM,NYSE
CXSE,NASD
CXT,NYSE
CXW,NYSE
CYAB,NASD
CYCN,NASD
CYCU,NASD
CYCUW,NASD
CYD,NYSE
CYH,NYSE
CYN,NASD
CYPH,NASD
CYRX,NASD
CYTK,NASD
CZFS,NASD
CZNC,NASD
CZR,NASD
CZWI,NASD
D,NYSE
DAAQ,NASD
DAAQU,NASD
DAAQW,NASD
DAC,NYSE
DADS,NASD
DAIC,NASD
DAICW,NASD
DAIO,NASD
DAK,NASD
DAKT,NASD
DAL,NYSE
DALI,NASD
DAN,NYSE
DAO,NYSE
DAPP,NASD
DAR,NYSE
DARE,NASD
DASH,NASD
DAVA,NYSE
DAVE,NASD
DAVEW,NASD
DAX,NASD
DB,NYSE
DBCA,NASD
DBCAU,NASD
DBCAW,NASD
DBD,NYSE
DBGI,NASD
DBI,NYSE
DBL,NYSE
DBRG,NYSE
DBVT,NASD
DBX,NASD
DC,AMEX
DCBG,NYSE
DCBO,NASD
DCGO,NASD
DCH,NYSE
DCI,NYSE
DCO,NYSE
DCOM,NYSE
DCOY,NASD
DCTH,NASD
DCX,NASD
DD,NYSE
DDC,AMEX
DDD,NYSE
DDI,NASD
DDIV,NASD
DDL,NYSE
DDOG,NASD
DDS,NYSE
DDT,NYSE
DE,NYSE
DEA,NYSE
DEC,NYSE
DECK,NYSE
DECO,NASD
DEFT,NASD
DEI,NYSE
DELL,NYSE
DEMZ,NASD
DEO,NYSE
DERM,NASD
DETX,NASD
DFDV,NASD
DFDVW,NASD
DFGP,NASD
DFGX,NASD
DFH,NYSE
DFIN,NYSE
DFLI,NASD
DFLIW,NASD
DFNS,NASD
DFNSW,NASD
DFP,NYSE
DFSC,NASD
DFSCW,NASD
DFTX,NASD
DG,NYSE
DGAC,NYSE
DGAC.R,NYSE
DGAC.U,NYSE
DGCB,NASD
DGICA,NASD
DGICB,NASD
DGII,NASD
DGLO,NASD
DGNX,NASD
DGRE,NASD
DGRS,NASD
DGRW,NASD
DGX,NYSE
DGXX,NASD
DH,NASD
DHC,NASD
DHCNI,NASD
DHCNL,NASD
DHF,NYSE
DHI,NYSE
DHR,NYSE
DHT,NYSE
DHX,NYSE
DHY,AMEX
DIBS,NASD
DIME,NASD
DIN,NYSE
DINE,NASD
DINO,NYSE
DIOD,NASD
DIS,NYSE
DIT,AMEX
DIVD,NASD
DIVY,NYSE
DJCO,NASD
DJT,NASD
DJTWW,NASD
DK,NYSE
DKI,NASD
DKL,NYSE
DKNG,NASD
DKNX,NASD
DKS,NYSE
DLB,NYSE
DLCU,NASD
DLHC,NASD
DLLL,NASD
DLNG,NYSE
DLO,NASD
DLPN,NASD
DLR,NYSE
DLTH,NASD
DLTR,NASD
DLX,NYSE
DLXY,NASD
DLY,NYSE
DMA,NYSE
DMAA,NASD
DMAAR,NASD
DMAAU,NASD
DMAC,NASD
DMB,NYSE
DMC,NYSE
DMII,NASD
DMIIR,NASD
DMIIU,NASD
DMLP,NASD
DMO,NYSE
DMRA,NASD
DMRC,NASD
DMXF,NASD
DNA,NYSE
DNLI,NASD
DNMX,NASD
DNMXU,NASD
DNMXW,NASD
DNN,AMEX
DNOW,NYSE
DNP,NYSE
DNTH,NASD
DNUT,NASD
DOC,NYSE
DOCN,NYSE
DOCS,NYSE
DOCU,NASD
DOGZ,NASD
DOLE,NYSE
DOMH,NASD
DOMO,NASD
DOO,NASD
DORM,NASD
DOUG,NYSE
DOV,NYSE
DOW,NYSE
DOX,NASD
DOYU,NASD
DPC,NYSE
DPG,NYSE
DPRO,NASD
DPU,NASD
DPZ,NASD
DQ,NYSE
DRCT,NASD
DRD,NYSE
DRDB,NASD
DRDBU,NASD
DRDBW,NASD
DRH,NASD
DRI,NYSE
DRIO,NASD
DRIV,NASD
DRLL,NYSE
DRMA,NASD
DRNZ,NASD
DRS,NASD
DRTS,NASD
DRTSW,NASD
DRUG,NASD
DRVN,NASD
DSAC,NASD
DSACU,NASD
DSACW,NASD
DSC,NASD
DSGN,NASD
DSGR,NASD
DSGX,NASD
DSL,NYSE
DSM,NYSE
DSMC,NYSE
DSP,NASD
DSS,AMEX
DSTX,NYSE
DSU,NYSE
DSWL,NASD
DSX,NYSE
DSX.W,NYSE
DSY,NASD
DSYWW,NASD
DT,NYSE
DTB,NYSE
DTCR,NASD
DTCX,NASD
DTE,NYSE
DTF,NYSE
DTG,NYSE
DTI,NASD
DTIL,NASD
DTK,NYSE
DTM,NYSE
DTSQ,NASD
DTSQR,NASD
DTSQU,NASD
DTSS,NASD
DTST,NASD
DTW,NYSE
DUK,NYSE
DUKB,NYSE
DUKH,NASD
DUKR,NASD
DUKRW,NASD
DUKU,NYSE
DUKX,NASD
DUO,NASD
DUOG,NASD
DUOL,NASD
DUOT,NASD
DUSG,NASD
DV,NYSE
DVA,NYSE
DVAL,NASD
DVGR,NASD
DVIN,NASD
DVLT,NASD
DVLU,NASD
DVN,NYSE
DVOL,NASD
DVQQ,NASD
DVRE,NASD
DVSP,NASD
DVUT,NASD
DVXB,NASD
DVXC,NASD
DVXE,NASD
DVXF,NASD
DVXK,NASD
DVXP,NASD
DVXV,NASD
DVXY,NASD
DVY,NASD
DWAS,NASD
DWAW,NASD
DWSH,NASD
DWSN,NASD
DWTX,NASD
DWUS,NASD
DX,NYSE
DXC,NYSE
DXCM,NASD
DXF,AMEX
DXLG,NASD
DXPE,NASD
DXR,NASD
DXST,NASD
DXYZ,NYSE
DY,NYSE
DYAI,NASD
DYFI,NASD
DYN,NASD
DYNB,NASD
DYNC,NASD
DYNCU,NASD
DYNCW,NASD
DYOR,NASD
DYORU,NASD
DYORW,NASD
DYTA,NASD
E,NYSE
EAD,AMEX
EAF,NYSE
EAI,NYSE
EARN,NYSE
EART,NASD
EASY,NASD
EAT,NYSE
EBAY,NASD
EBC,NASD
EBF,NYSE
EBI,NASD
EBIZ,NASD
EBMT,NASD
EBON,NASD
EBS,NYSE
EC,NYSE
ECAT,NYSE
ECBK,NASD
ECC,NYSE
ECCC,NYSE
ECCU,NYSE
ECCV,NYSE
ECF,AMEX
ECG,NYSE
ECHO,NASD
ECHX,NASD
ECL,NYSE
ECO,NYSE
ECOR,NASD
ECOW,NASD
ECPG,NASD
ECVT,NYSE
ECX,NASD
ECXWW,NASD
ED,NYSE
EDBL,NASD
EDBLW,NASD
EDD,NYSE
EDF,NYSE
EDHL,NASD
EDIT,NASD
EDN,NYSE
EDRY,NASD
EDSA,NASD
EDTK,NASD
EDU,NYSE
EDUC,NASD
EE,NYSE
EEA,NYSE
EEE,NASD
EEFT,NASD
EEIQ,NASD
EEMA,NASD
EFAS,NASD
EFC,NYSE
EFOI,NASD
EFOR,NYSE
EFR,NYSE
EFRA,NASD
EFSC,NASD
EFSCP,NASD
EFSI,NASD
EFT,NYSE
EFTY,NASD
EFX,NYSE
EFXT,NYSE
EG,NYSE
EGAN,NASD
EGBN,NASD
EGG,AMEX
EGGQ,NASD
EGHA,NASD
EGHAR,NASD
EGHAU,NASD
EGHT,NASD
EGO,NYSE
EGP,NYSE
EGY,NYSE
EH,NASD
EHC,NYSE
EHGO,NASD
EHI,NYSE
EHLD,NASD
EHLS,NASD
EHTH,NASD
EIC,NYSE
EICA,NYSE
EIG,NYSE
EIIA,NYSE
EIKN,NASD
EIM,AMEX
EIX,NYSE
EJH,NASD
EKG,NASD
EL,NYSE
ELA,AMEX
ELAB,NASD
ELAN,NYSE
ELBM,NASD
ELC,NYSE
ELDN,NASD
ELE,NASD
ELF,NYSE
ELFY,NASD
ELIL,NASD
ELLA,NYSE
ELLO,AMEX
ELMD,AMEX
ELME,NYSE
ELMT,NASD
ELOG,NASD
ELOL,NASD
ELOX,NASD
ELPC,NYSE
ELPW,NASD
ELS,NYSE
ELTK,NASD
ELTX,NASD
ELUT,NASD
ELV,NYSE
ELVA,NASD
ELVN,NASD
ELVR,NASD
ELWT,NASD
EMA,NYSE
EMAT,NASD
EMB,NASD
EMBC,NASD
EMBJ,NYSE
EMCB,NASD
EMD,NYSE
EME,NYSE
EMEM,NASD
EMEQ,NASD
EMF,NYSE
EMIF,NASD
EMIS,NASD
EMISR,NASD
EML,NASD
EMN,NYSE
EMO,NYSE
EMP,NYSE
EMPD,NASD
EMR,NYSE
EMSC,NASD
EMXC,NASD
EMXF,NASD
ENB,NYSE
ENDW,NASD
ENGN,NASD
ENGNW,NASD
ENGS,NASD
ENHA,NYSE
ENHI,NASD
ENHU,NASD
ENIC,NYSE
ENJ,NYSE
ENLT,NASD
ENLV,NASD
ENO,NYSE
ENOV,NYSE
ENPH,NASD
ENR,NYSE
ENRD,NASD
ENRDW,NASD
ENS,NYSE
ENSC,NASD
ENSG,NASD
ENTA,NASD
ENTG,NASD
ENTX,NASD
ENVA,NYSE
ENVB,NASD
ENVX,NASD
ENZL,NASD
EOD,NYSE
EOG,NYSE
EOI,NYSE
EOLS,NASD
EONR,AMEX
EONR.W,AMEX
EOS,NYSE
EOSE,NASD
EOSEW,NASD
EOT,NYSE
EP,AMEX
EPAC,NYSE
EPAM,NYSE
EPC,NYSE
EPD,NYSE
EPM,AMEX
EPOW,NASD
EPR,NYSE
EPRT,NYSE
EPRX,NASD
EPSM,NASD
EPSN,NASD
EQ,NASD
EQBK,NYSE
EQH,NYSE
EQIX,NASD
EQNR,NYSE
EQPT,NASD
EQQQ,NASD
EQRR,NASD
EQS,NYSE
EQT,NYSE
EQX,AMEX
ERAS,NASD
ERC,AMEX
ERET,NASD
ERH,AMEX
ERIC,NASD
ERIE,NASD
ERII,NASD
ERNA,NASD
ERNAW,NASD
ERO,NYSE
EROC,NYSE
EROK,NYSE
ES,NYSE
ESAB,NYSE
ESCA,NASD
ESE,NYSE
ESEA,NASD
ESGD,NASD
ESGE,NASD
ESGU,NASD
ESI,NYSE
ESLA,NASD
ESLAW,NASD
ESLT,NASD
ESMV,NASD
ESN,NASD
ESNT,NYSE
ESOA,NASD
ESP,AMEX
ESPO,NASD
ESQ,NASD
ESRT,NYSE
ESS,NYSE
ESTA,NASD
ESTC,NYSE
ET,NYSE
ETB,NYSE
ETD,NYSE
ETEC,NASD
ETG,NYSE
ETHA,NASD
ETHB,NASD
ETJ,NYSE
ETN,NYSE
ETO,NYSE
ETON,NASD
ETOR,NASD
ETR,NYSE
ETS,NASD
ETSS,NYSE
ETSS.U,NYSE
ETSS.W,NYSE
ETSY,NYSE
ETV,NYSE
ETW,NYSE
ETX,NYSE
ETY,NYSE
EU,NASD
EUDA,NASD
EUDAW,NASD
EUFN,NASD
EURK,NASD
EURKR,NASD
EURKU,NASD
EVAC,NYSE
EVAC.U,NYSE
EVAC.W,NYSE
EVAX,NASD
EVC,NYSE
EVCM,NASD
EVER,NASD
EVEX,NYSE
EVEX.W,NYSE
EVF,NYSE
EVG,NYSE
EVGN,NASD
EVGO,NASD
EVH,NYSE
EVI,AMEX
EVLV,NASD
EVMN,NYSE
EVMT,NASD
EVN,NYSE
EVO,NASD
EVOX,NASD
EVOXU,NASD
EVOXW,NASD
EVPF,NASD
EVR,NYSE
EVRG,NASD
EVSD,NASD
EVT,NYSE
EVTC,NYSE
EVTL,NYSE
EVTR,NYSE
EVV,AMEX
EVYM,NASD
EW,NYSE
EWAV,NASD
EWAVR,NASD
EWAVU,NASD
EWBC,NASD
EWJV,NASD
EWTX,NASD
EWZS,NASD
EXC,NASD
EXE,NASD
EXEL,NASD
EXFY,NASD
EXG,NYSE
EXK,NYSE
EXLS,NASD
EXOD,AMEX
EXOZ,NASD
EXP,NYSE
EXPD,NYSE
EXPE,NASD
EXPO,NASD
EXR,NYSE
EXTR,NASD
EXUS,NASD
EXYN,NASD
EXYNW,NASD
EYE,NASD
EYEG,NASD
EYPT,NASD
EZGO,NASD
EZMO,NASD
EZPW,NASD
EZRA,NASD
EZRO,NASD
F,NYSE
FA,NASD
FAAA,NASD
FAAR,NASD
FAB,NASD
FABC,NASD
FAC,NASD
FACT,NASD
FACTU,NASD
FACTW,NASD
FACWW,NASD
FAD,NASD
FAF,NYSE
FALN,NASD
FAMI,NASD
FANG,NASD
FAST,NASD
FATE,NASD
FATN,NASD
FAX,AMEX
FBDT,NASD
FBGL,NASD
FBIN,NYSE
FBIO,NASD
FBIOP,NASD
FBIZ,NASD
FBK,NYSE
FBL,NASD
FBLA,NASD
FBLG,NASD
FBNC,NASD
FBOT,NASD
FBP,NYSE
FBRT,NYSE
FBRX,NASD
FBYD,NASD
FBYDP,NASD
FBYDW,NASD
FBYY,NASD
FC,NYSE
FCA,NASD
FCAL,NASD
FCAP,NASD
FCBC,NASD
FCBM,NYSE
FCCO,NASD
FCEF,NASD
FCEL,NASD
FCF,NYSE
FCFS,NASD
FCHL,NASD
FCLO,NASD
FCN,NYSE
FCNCA,NASD
FCNCN,NASD
FCNCO,NASD
FCNCP,NASD
FCPT,NYSE
FCRS,NYSE
FCRS.U,NYSE
FCRS.W,NYSE
FCTE,NASD
FCUV,NASD
FCVT,NASD
FCX,NYSE
FCXG,NASD
FDBC,NASD
FDCF,NASD
FDFF,NASD
FDIF,NASD
FDIG,NASD
FDIQ,NASD
FDIV,NASD
FDMM,NASD
FDMMU,NASD
FDMMW,NASD
FDMT,NASD
FDNI,NASD
FDRS,NASD
FDRX,NASD
FDS,NYSE
FDSB,NASD
FDT,NASD
FDTS,NASD
FDTX,NASD
FDUS,NASD
FDX,NYSE
FDXF,NYSE
FE,NYSE
FEAM,NASD
FEBO,NASD
FEDU,NYSE
FEED,NASD
FEGE,NYSE
FEIM,NASD
FELE,NASD
FEM,NASD
FEMB,NASD
FEMS,NASD
FEMY,NASD
FENC,NASD
FENG,NYSE
FEOE,NYSE
FEP,NASD
FEPI,NASD
FER,NASD
FERA,NASD
FERAR,NASD
FERAU,NASD
FERG,NYSE
FET,NYSE
FEUZ,NASD
FEX,NASD
FF,NYSE
FFA,NYSE
FFAI,NASD
FFBC,NASD
FFC,NYSE
FFIN,NASD
FFIV,NASD
FFUT,NASD
FG,NYSE
FGBI,NASD
FGBIP,NASD
FGI,NASD
FGII,NASD
FGIIU,NASD
FGIIW,NASD
FGIWW,NASD
FGL,NASD
FGM,NASD
FGN,NYSE
FGNX,NASD
FGNXP,NASD
FGSI,NASD
FGSN,NYSE
FHB,NASD
FHI,NYSE
FHN,NYSE
FHTX,NASD
FIBK,NASD
FICO,NYSE
FICS,NASD
FID,NASD
FIEE,NASD
FIG,NYSE
FIGG,NASD
FIGR,NASD
FIGS,NYSE
FIGX,NASD
FIGXU,NASD
FIGXW,NASD
FIMU,NASD
FINS,NYSE
FINV,NYSE
FINW,NASD
FINX,NASD
FINY,NASD
FIP,NASD
FIRY,NYSE
FIS,NYSE
FISI,NASD
FISN,NASD
FISV,NASD
FITB,NYSE
FIVE,NASD
FIVN,NASD
FIX,NYSE
FIXD,NASD
FIXT,NYSE
FIYY,NASD
FIZZ,NASD
FJDIU,NASD
FJET,AMEX
FJP,NASD
FKU,NASD
FKWL,NASD
FLC,NYSE
FLD,NASD
FLDB,NASD
FLDDW,NASD
FLEX,NASD
FLG,NYSE
FLGT,NASD
FLL,NASD
FLN,NASD
FLNA,NASD
FLNC,NASD
FLNG,NYSE
FLNT,NASD
FLO,NYSE
FLOC,NYSE
FLR,NYSE
FLS,NYSE
FLUT,NYSE
FLUX,NASD
FLWS,NASD
FLX,NASD
FLXR,NYSE
FLXS,NASD
FLY,NASD
FLYE,NASD
FLYW,NASD
FLYX,AMEX
FLYX.W,AMEX
FLZH,NASD
FMAC,NASD
FMACR,NASD
FMACU,NASD
FMAO,NASD
FMB,NASD
FMBH,NASD
FMC,NYSE
FMED,NASD
FMET,NASD
FMFC,NASD
FMHI,NASD
FMN,NYSE
FMNB,NASD
FMS,NYSE
FMST,NASD
FMSTW,NASD
FMTM,NASD
FMUB,NASD
FMUN,NASD
FMX,NYSE
FMY,NYSE
FN,NYSE
FNB,NYSE
FND,NYSE
FNF,NYSE
FNGR,NASD
FNK,NASD
FNKO,NASD
FNLC,NASD
FNRN,NASD
FNUC,NASD
FNV,NYSE
FNWB,NASD
FNWD,NASD
FNX,NASD
FNY,NASD
FOA,NYSE
FOCL,NASD
FOF,NYSE
FOFO,NASD
FOIL,NYSE
FOR,NYSE
FORM,NASD
FORR,NASD
FORTY,NASD
FOSL,NASD
FOUR,NYSE
FOX,NASD
FOXA,NASD
FOXF,NASD
FOXX,NASD
FOXXW,NASD
FPA,NASD
FPF,NYSE
FPH,NYSE
FPI,NYSE
FPS,NYSE
FPXE,NASD
FPXI,NASD
FR,NYSE
FRA,NYSE
FRAF,NASD
FRBA,NASD
FRBT,NASD
FRD,NASD
FREI,NASD
FRGT,NASD
FRHC,NASD
FRME,NASD
FRMEP,NASD
FRMI,NASD
FRMM,NASD
FRNM,NASD
FRO,NYSE
FROG,NASD
FRPH,NASD
FRPT,NASD
FRSH,NASD
FRST,NASD
FRSX,NASD
FRT,NYSE
FRTT,NASD
FRVO,NASD
FRWD,NASD
FSBC,NASD
FSBW,NASD
FSCO,NYSE
FSCS,NASD
FSEA,NASD
FSGS,NASD
FSHP,NASD
FSHPR,NASD
FSHPU,NASD
FSI,AMEX
FSK,NYSE
FSLR,NASD
FSLY,NASD
FSM,NYSE
FSP,AMEX
FSS,NYSE
FSSL,NYSE
FSTB,NASD
FSTR,NASD
FSUN,NASD
FSV,NASD
FSZ,NASD
FT,NYSE
FTA,NASD
FTAG,NASD
FTAI,NASD
FTAIM,NASD
FTC,NASD
FTCI,NASD
FTCS,NASD
FTDR,NASD
FTDS,NASD
FTEK,NASD
FTF,AMEX
FTFT,NASD
FTG,NASD
FTGC,NASD
FTGS,NASD
FTH,NASD
FTHA,NASD
FTHAU,NASD
FTHAW,NASD
FTHI,NASD
FTHM,NASD
FTHY,NYSE
FTI,NYSE
FTK,NYSE
FTLF,NASD
FTNT,NASD
FTQI,NASD
FTRA,NYSE
FTRA.U,NYSE
FTRA.W,NYSE
FTRE,NASD
FTRI,NASD
FTS,NYSE
FTSL,NASD
FTSM,NASD
FTV,NYSE
FTW,NYSE
FTW.W,NYSE
FTWO,NYSE
FTXG,NASD
FTXH,NASD
FTXL,NASD
FTXN,NASD
FTXO,NASD
FTXR,NASD
FUBO,NYSE
FUFU,NASD
FUFUW,NASD
FUL,NYSE
FULC,NASD
FULT,NASD
FULTP,NASD
FUN,NYSE
FUNC,NASD
FUND,NASD
FURY,AMEX
FUSB,NASD
FUSE,NASD
FUSEW,NASD
FUTG,NASD
FUTU,NASD
FV,NASD
FVAV,NASD
FVC,NASD
FVCB,NASD
FVN,NASD
FVNNR,NASD
FVNNU,NASD
FVR,NYSE
FVRR,NYSE
FWAC,NASD
FWACR,NASD
FWACU,NASD
FWACW,NASD
FWDI,NASD
FWONA,NASD
FWONK,NASD
FWRD,NASD
FWRG,NASD
FXAC,NASD
FXACU,NASD
FXACW,NASD
FXED,NYSE
FXHO,NASD
FXNC,NASD
FYC,NASD
FYT,NASD
FYX,NASD
G,NYSE
GAB,NYSE
GABC,NASD
GAIA,NASD
GAIN,NASD
GAING,NASD
GAINI,NASD
GAINZ,NASD
GALT,NASD
GAM,NYSE
GAME,NASD
GANX,NASD
GAP,NYSE
GARY,NASD
GASS,NASD
GATX,NYSE
GAU,AMEX
GAUZ,NASD
GAVA,NASD
GBAB,NYSE
GBCI,NYSE
GBDC,NASD
GBFH,NASD
GBLI,NASD
GBR,AMEX
GBTG,NYSE
GBUG,NASD
GBX,NYSE
GCBC,NASD
GCDT,AMEX
GCGR,NASD
GCGRU,NASD
GCGRW,NASD
GCL,NASD
GCLWW,NASD
GCMG,NASD
GCO,NYSE
GCPB,NYSE
GCT,NASD
GCTK,NASD
GCTS,NYSE
GCTS.W,NYSE
GCV,NYSE
GD,NYSE
GDC,NASD
GDDY,NYSE
GDEV,NASD
GDEVW,NASD
GDHG,NASD
GDIV,NYSE
GDL,NYSE
GDO,NYSE
GDOT,NYSE
GDRX,NASD
GDS,NASD
GDTC,NASD
GDV,NYSE
GDYN,NASD
GE,NYSE
GECC,NASD
GECCG,NASD
GECCH,NASD
GECCI,NASD
GEF,NYSE
GEF.B,NYSE
GEG,NASD
GEGGL,NASD
GEHC,NASD
GEL,NYSE
GELS,NASD
GEME,NASD
GEMG,NASD
GEMI,NASD
GEN,NASD
GENB,NASD
GENC,AMEX
GENI,NYSE
GENK,NASD
GENVR,NASD
GENZ,NASD
GEO,NYSE
GEOS,NASD
GEQ,NASD
GERN,NASD
GETY,NYSE
GEV,NYSE
GEVG,NASD
GEVO,NASD
GEW,NASD
GF,NYSE
GFAI,NASD
GFAIW,NASD
GFF,NYSE
GFGF,NASD
GFI,NYSE
GFL,NYSE
GFLW,NASD
GFR,NYSE
GFR.V,NYSE
GFS,NASD
GFUZ,NASD
GFUZW,NASD
GGAL,NASD
GGB,NYSE
GGG,NYSE
GGLL,NASD
GGLS,NASD
GGN,AMEX
GGR,NASD
GGROW,NASD
GGT,NYSE
GGZ,NYSE
GH,NASD
GHC,NYSE
GHG,NYSE
GHI,NYSE
GHM,NYSE
GHRS,NASD
GHXI,NASD
GHXIU,NASD
GHXIW,NASD
GHY,NYSE
GIB,NYSE
GIBO,NASD
GIBOW,NASD
GIC,NYSE
GIEQ,NASD
GIFT,NASD
GIGM,NASD
GIII,NASD
GIL,NYSE
GILD,NASD
GILT,NASD
GIND,NASD
GINX,NASD
GIPR,NASD
GIPRW,NASD
GIS,NYSE
GITS,NASD
GIW,NASD
GIWWR,NASD
GIWWU,NASD
GIX,NASD
GIXXR,NASD
GIXXU,NASD
GJH,NYSE
GJO,NYSE
GJP,NYSE
GJR,NYSE
GJS,NYSE
GJT,NYSE
GKAT,NASD
GKOS,NYSE
GL,NYSE
GLAD,NASD
GLAS,NYSE
GLBE,NASD
GLBS,NASD
GLCR,NASD
GLDB,NASD
GLDG,AMEX
GLDI,NASD
GLE,NASD
GLED,NYSE
GLED.R,NYSE
GLED.U,NYSE
GLGG,NASD
GLIBA,NASD
GLIBK,NASD
GLMD,NASD
GLND,NASD
GLNDW,NASD
GLNG,NASD
GLO,AMEX
GLOB,NYSE
GLOO,NASD
GLOW,NASD
GLP,NYSE
GLPI,NASD
GLQ,AMEX
GLRE,NASD
GLSI,NASD
GLU,AMEX
GLUE,NASD
GLV,AMEX
GLW,NYSE
GLWG,NASD
GLXG,NASD
GLXY,NASD
GM,NYSE
GMAB,NASD
GME,NYSE
GME.W,NYSE
GMED,NYSE
GMEX,NASD
GMHS,NASD
GMM,NASD
GMMF,NYSE
GMRS,NYSE
GMTL,AMEX
GNE,NYSE
GNK,NYSE
GNL,NYSE
GNLN,NASD
GNLX,NASD
GNMA,NASD
GNOM,NASD
GNPX,NASD
GNRC,NYSE
GNS,AMEX
GNSS,NASD
GNT,NYSE
GNTA,NASD
GNTX,NASD
GNW,NYSE
GO,NASD
GOAI,NASD
GOF,NYSE
GOGO,NASD
GOLD,NYSE
GOLF,NYSE
GOLI,NASD
GOOD,NASD
GOODN,NASD
GOODO,NASD
GOOG,NASD
GOOGL,NASD
GOOGM,NASD
GOOGN,NASD
GOOS,NYSE
GORO,AMEX
GOSS,NASD
GOTU,NYSE
GOU,NASD
GOVI,NASD
GOVX,NASD
GP,NASD
GPAC,NASD
GPACU,NASD
GPACW,NASD
GPAT,NASD
GPATU,NASD
GPATW,NASD
GPC,NYSE
GPCR,NASD
GPGI,NYSE
GPI,NYSE
GPIQ,NASD
GPIX,NASD
GPJA,NYSE
GPK,NYSE
GPMT,NYSE
GPN,NYSE
GPOR,NYSE
GPRE,NASD
GPRF,NASD
GPRK,NYSE
GPRO,NASD
GPT,NASD
GPUS,AMEX
GQQQ,NASD
GRAB,NASD
GRABW,NASD
GRAG,NASD
GRAL,NASD
GRAN,NASD
GRBK,NYSE
GRC,NYSE
GRCE,NASD
GRDN,NYSE
GRDX,NASD
GREEL,NASD
GRF,AMEX
GRFS,NASD
GRI,NASD
GRID,NASD
GRIN,NASD
GRML,NASD
GRMLW,NASD
GRMN,NYSE
GRND,NYSE
GRNQ,NASD
GRNT,NYSE
GRO,AMEX
GROV,NYSE
GROW,NASD
GROY,AMEX
GROY.W,AMEX
GRPN,NASD
GRRR,NASD
GRRRW,NASD
GRSD,NASD
GRVY,NASD
GRW,NASD
GRWG,NASD
GRX,NYSE
GS,NYSE
GSAT,NASD
GSBC,NASD
GSBD,NYSE
GSGO,NASD
GSHD,NASD
GSHR,NASD
GSHRU,NASD
GSHRW,NASD
GSIB,NASD
GSIT,NASD
GSIW,NASD
GSK,NYSE
GSL,NYSE
GSM,NASD
GSRF,NASD
GSRFR,NASD
GSRFU,NASD
GSRV,NASD
GSRVR,NASD
GSRVU,NASD
GSUN,NASD
GT,NASD
GTBP,NASD
GTE,AMEX
GTEC,NASD
GTEN,NASD
GTENU,NASD
GTENW,NASD
GTERA,NASD
GTERR,NASD
GTERU,NASD
GTERW,NASD
GTES,NYSE
GTIM,NASD
GTLB,NASD
GTM,NASD
GTN,NYSE
GTN.A,NYSE
GTOP,NASD
GTOQ,NASD
GTPE,NASD
GTR,NASD
GTX,NASD
GTY,NYSE
GUAC,NASD
GUACU,NASD
GUACW,NASD
GUG,NYSE
GURE,NASD
GUSE,NASD
GUT,NYSE
GUTS,NASD
GVA,NYSE
GVH,NASD
GVLE,NASD
GWAV,NASD
GWH,NYSE
GWRE,NYSE
GWRS,NASD
GWW,NYSE
GXAI,NASD
GXDW,NASD
GXO,NYSE
GYGY,NASD
GYLD,NYSE
GYRE,NASD
GYRO,NASD
H,NYSE
HACQ,NASD
HACQU,NASD
HACQW,NASD
HAE,NYSE
HAFC,NASD
HAFN,NYSE
HAIN,NASD
HAL,NYSE
HALO,NASD
HAO,NASD
HAPN,NASD
HAS,NASD
HASI,NYSE
HAVA,NASD
HAVAR,NASD
HAVAU,NASD
HAWK,NYSE
HAYW,NYSE
HBAN,NASD
HBANL,NASD
HBANM,NASD
HBANP,NASD
HBANZ,NASD
HBB,NYSE
HBCP,NASD
HBDC,NASD
HBIO,NASD
HBM,NYSE
HBNB,NASD
HBNC,NASD
HBR,NASD
HBT,NASD
HCA,NYSE
HCAC,NASD
HCACR,NASD
HCACU,NASD
HCAI,NASD
HCAT,NASD
HCC,NYSE
HCHL,NASD
HCI,NYSE
HCIC,NASD
HCICR,NASD
HCICU,NASD
HCKT,NASD
HCM,NASD
HCMA,NASD
HCMAU,NASD
HCMAW,NASD
HCOW,NASD
HCSG,NASD
HCTI,NASD
HCWB,NASD
HCWC,AMEX
HCXY,NYSE
HD,NYSE
HDB,NYSE
HDL,NASD
HDRN,NASD
HDRNW,NASD
HDSN,NASD
HE,NYSE
HEAL,NASD
HECO,NASD
HEI,NYSE
HEI.A,NYSE
HELE,NASD
HELP,NASD
HEPS,NASD
HEQ,NYSE
HEQQ,NASD
HERD,NASD
HERE,NASD
HERO,NASD
HERZ,NASD
HESM,NYSE
HF,NYSE
HFBL,NASD
HFEQ,NYSE
HFFG,NASD
HFGM,NYSE
HFMF,NYSE
HFND,NYSE
HFRO,NYSE
HFSP,NASD
HFWA,NASD
HG,NYSE
HGBL,NASD
HGER,NYSE
HGLB,NYSE
HGTY,NYSE
HGV,NYSE
HHH,NYSE
HHS,NASD
HIDE,NASD
HIFS,NASD
HIG,NYSE
HIHO,NASD
HII,NYSE
HIMS,NYSE
HIMX,NASD
HIMZ,NASD
HIND,NASD
HIO,NYSE
HIPO,NYSE
HIS,NASD
HISF,NASD
HIT,NASD
HITI,NASD
HIVE,NASD
HIW,NYSE
HIX,NYSE
HKD,NYSE
HKIT,NASD
HKPD,NASD
HL,NYSE
HLAL,NASD
HLF,NYSE
HLI,NYSE
HLIO,NYSE
HLIT,NASD
HLLY,NYSE
HLMN,NASD
HLN,NYSE
HLNE,NASD
HLP,NASD
HLT,NYSE
HLTH,NASD
HLX,NYSE
HLXC,NASD
HMC,NYSE
HMH,NASD
HMN,NYSE
HMR,NASD
HMY,NYSE
HMYY,NASD
HNDL,NASD
HNGE,NYSE
HNI,NYSE
HNNA,NASD
HNRG,NASD
HNST,NASD
HNVR,NASD
HODO,NASD
HODU,NASD
HOFT,NASD
HOG,NYSE
HOLO,NASD
HOLOW,NASD
HOMB,NYSE
HON,NASD
HONA,NASD
HOOD,NASD
HOOG,NASD
HOOX,NASD
HOPE,NASD
HOUR,NASD
HOV,NYSE
HOVNP,NASD
HOVR,NASD
HOVRW,NASD
HOWL,NASD
HOYY,NASD
HP,NYSE
HPAI,NASD
HPAIW,NASD
HPE,NYSE
HPF,NYSE
HPI,NYSE
HPK,NASD
HPP,NYSE
HPQ,NYSE
HPS,NYSE
HQ,NASD
HQGO,NASD
HQH,NYSE
HQI,NASD
HQL,NYSE
HQWWW,NASD
HQY,NASD
HR,NYSE
HRB,NYSE
HRI,NYSE
HRL,NYSE
HRMY,NASD
HROW,NASD
HRTG,NYSE
HRTS,NASD
HRTX,NASD
HRZN,NASD
HSAI,NASD
HSBC,NYSE
HSCS,NASD
HSCSW,NASD
HSDT,NASD
HSHP,NYSE
HSIC,NASD
HSLV,AMEX
HST,NASD
HSTM,NASD
HSY,NYSE
HTB,NYSE
HTCO,NASD
HTCR,NASD
HTD,NYSE
HTFC,NYSE
HTFL,NASD
HTGC,NYSE
HTH,NYSE
HTHT,NASD
HTLD,NASD
HTLM,NASD
HTO,NASD
HTOO,NASD
HTT,NYSE
HTZ,NASD
HTZWW,NASD
HUBB,NYSE
HUBC,NASD
HUBCW,NASD
HUBCZ,NASD
HUBG,NASD
HUBS,NYSE
HUDI,NASD
HUHU,NASD
HUIZ,NASD
HUM,NYSE
HUMA,NASD
HUMAW,NASD
HUN,NYSE
HURA,NASD
HURC,NASD
HURN,NASD
HUT,NASD
HUTG,NASD
HUYA,NYSE
HVII,NASD
HVIIR,NASD
HVIIU,NASD
HVMC,NASD
HVMCU,NASD
HVMCW,NASD
HVT,NYSE
HVT.A,NYSE
HWBK,NASD
HWC,NASD
HWCPZ,NASD
HWH,NASD
HWIV,NASD
HWKN,NASD
HWM,NYSE
HWO,NASD
HWSM,NASD
HXHX,NASD
HXL,NYSE
HY,NYSE
HYBI,NASD
HYBX,NYSE
HYDR,NASD
HYFM,NASD
HYFT,NASD
HYI,NYSE
HYLN,AMEX
HYLS,NASD
HYMC,NASD
HYNE,NASD
HYP,NASD
HYPD,NASD
HYPG,NASD
HYPR,NASD
HYT,NYSE
HYTR,NYSE
HYXF,NASD
HYZD,NASD
HZO,NYSE
IA,NASD
IACO,NASD
IACOU,NASD
IACOW,NASD
IACQ,NASD
IACQU,NASD
IACQW,NASD
IAE,NYSE
IAF,AMEX
IAG,NYSE
IALT,NASD
IART,NASD
IAUX,AMEX
IAUX.W,AMEX
IBAC,NASD
IBACR,NASD
IBAT,NASD
IBB,NASD
IBBQ,NASD
IBCP,NASD
IBEX,NASD
IBG,NASD
IBGA,NASD
IBGB,NASD
IBGC,NASD
IBGK,NASD
IBGL,NASD
IBGM,NASD
IBIO,NASD
IBIT,NASD
IBKR,NASD
IBM,NYSE
IBN,NYSE
IBO,AMEX
IBOC,NASD
IBOT,NASD
IBP,NYSE
IBRX,NASD
IBTA,NYSE
IBTG,NASD
IBTH,NASD
IBTI,NASD
IBTJ,NASD
IBTK,NASD
IBTL,NASD
IBTM,NASD
IBTO,NASD
IBTP,NASD
IBTQ,NASD
IBTR,NASD
ICCC,NASD
ICCM,NASD
ICE,NYSE
ICFI,NASD
ICG,NASD
ICHR,NASD
ICL,NYSE
ICLN,NASD
ICLR,NASD
ICMB,NASD
ICON,NASD
ICOP,NASD
ICU,NASD
ICUCW,NASD
ICUI,NASD
IDA,NYSE
IDAC,NASD
IDACU,NASD
IDACW,NASD
IDAI,NASD
IDCC,NASD
IDE,NYSE
IDEF,NASD
IDN,NASD
IDR,AMEX
IDT,NYSE
IDVY,NASD
IDXX,NASD
IDYA,NASD
IE,AMEX
IEAG,NASD
IEAGR,NASD
IEAGU,NASD
IEF,NASD
IEI,NASD
IEP,NASD
IESC,NASD
IEUS,NASD
IEX,NYSE
IFBD,NASD
IFF,NYSE
IFGL,NASD
IFLO,NASD
IFN,NYSE
IFRX,NASD
IFS,NYSE
IFV,NASD
IGA,NYSE
IGAC,NASD
IGACR,NASD
IGACU,NASD
IGC,AMEX
IGCB,NYSE
IGD,NYSE
IGF,NASD
IGI,NYSE
IGIB,NASD
IGIC,NASD
IGOV,NASD
IGR,NYSE
IGSB,NASD
IH,NYSE
IHD,NYSE
IHG,NYSE
IHRT,NASD
IHS,NYSE
IHT,AMEX
IIF,NYSE
III,NASD
IIIN,NYSE
IIIV,NASD
IIM,NYSE
IIPR,NYSE
IJT,NASD
IKT,NASD
ILAG,NASD
ILIT,NASD
ILLR,NASD
ILLRW,NASD
ILLU,NASD
ILLUU,NASD
ILLUW,NASD
ILMN,NASD
ILPT,NASD
IMA,NASD
IMAX,NYSE
IMC,AMEX
IMCC,NASD
IMCR,NASD
IMCV,NASD
IMDX,NASD
IMKTA,NASD
IMMP,NASD
IMMR,NASD
IMMX,NASD
IMNM,NASD
IMNN,NASD
IMO,AMEX
IMOM,NASD
IMOS,NASD
IMPP,NASD
IMPPP,NASD
IMRN,NASD
IMRX,NASD
IMSR,NASD
IMSRW,NASD
IMTE,NASD
IMTX,NASD
IMUX,NASD
IMVT,NASD
IMXI,NASD
INAB,NASD
INAC,NASD
INACR,NASD
INACU,NASD
INBK,NASD
INBKZ,NASD
INBS,NASD
INBX,NASD
INCR,NASD
INCY,NASD
IND,NASD
INDB,NASD
INDH,NASD
INDI,NASD
INDO,AMEX
INDP,NASD
INDQ,NASD
INDV,NASD
INDY,NASD
INEO,NASD
INFO,NYSE
INFQ,NYSE
INFQ.W,NYSE
INFU,AMEX
INFY,NYSE
ING,NYSE
INGM,NYSE
INGN,NASD
INGR,NYSE
INHD,NASD
INIO,NASD
INKT,NASD
INLF,NASD
INLX,AMEX
INM,NASD
INMB,NASD
INMD,NASD
INN,NYSE
INNV,NASD
INO,NASD
INOD,NASD
INR,NYSE
INRO,NASD
INSE,NASD
INSG,NASD
INSM,NASD
INSP,NYSE
INSW,NYSE
INTA,NASD
INTC,NASD
INTG,NASD
INTJ,NASD
INTR,NASD
INTS,NASD
INTT,AMEX
INTU,NASD
INTW,NASD
INTZ,NASD
INUV,AMEX
INV,NASD
INVA,NASD
INVE,NASD
INVH,NYSE
INVX,NYSE
INVZ,NASD
IOND,NASD
IONL,NASD
IONQ,NYSE
IONQ.W,NYSE
IONR,NASD
IONS,NASD
IONX,NASD
IONZ,NASD
IOR,AMEX
IOSP,NASD
IOT,NYSE
IOTR,NASD
IOVA,NASD
IOYY,NASD
IP,NYSE
IPAR,NASD
IPB,NYSE
IPDN,NASD
IPEX,NASD
IPEXR,NASD
IPEXU,NASD
IPFX,NASD
IPFXU,NASD
IPFXW,NASD
IPGP,NASD
IPHA,NASD
IPI,NYSE
IPKW,NASD
IPM,NASD
IPSC,NASD
IPST,NASD
IPVV,NASD
IPVVU,NASD
IPVVW,NASD
IPW,NASD
IPWR,NASD
IPX,NASD
IQ,NASD
IQI,NYSE
IQMX,NASD
IQMXW,NASD
IQQ,NASD
IQQQ,NASD
IQST,NASD
IQV,NYSE
IR,NYSE
IRAB,NYSE
IRAB.U,NYSE
IRAB.W,NYSE
IRD,NASD
IRDM,NASD
IREG,NASD
IREN,NASD
IRHO,NASD
IRHOR,NASD
IRHOU,NASD
IRIX,NASD
IRM,NYSE
IRMD,NASD
IRON,NASD
IRS,NYSE
IRT,NYSE
IRTC,NASD
IRWD,NASD
ISBA,NASD
ISD,NYSE
ISHG,NASD
ISHP,NASD
ISNR,NASD
ISNRU,NASD
ISNRW,NASD
ISOU,AMEX
ISPC,NASD
ISPR,NASD
ISRG,NASD
ISTB,NASD
ISTM,NASD
ISTR,NASD
ISUL,NASD
IT,NYSE
ITG,NASD
ITGR,NYSE
ITHA,NASD
ITHAU,NASD
ITHAW,NASD
ITIC,NASD
ITOC,NASD
ITP,AMEX
ITRG,AMEX
ITRI,NASD
ITRN,NASD
ITT,NYSE
ITUB,NYSE
ITW,NYSE
IUS,NASD
IUSB,NASD
IUSG,NASD
IUSV,NASD
IVA,NASD
IVAL,NASD
IVDA,NASD
IVDAW,NASD
IVF,NASD
IVR,NYSE
IVSI,NASD
IVSS,NASD
IVSX,NASD
IVT,NYSE
IVVD,NASD
IVZ,NYSE
IX,NYSE
IXHL,NASD
IXUS,NASD
IZEA,NASD
IZM,NASD
J,NYSE
JAB,NASD
JABRR,NASD
JABRU,NASD
JABRW,NASD
JACK,NASD
JACS,NYSE
JACS.R,NYSE
JACS.U,NYSE
JAGU,AMEX
JAGX,NASD
JAKK,NASD
JAN,NYSE
JANX,NASD
JAPN,NASD
JATT,NASD
JAZZ,NASD
JBDI,NASD
JBGS,NYSE
JBHT,NASD
JBI,NYSE
JBIO,NASD
JBK,NYSE
JBL,NYSE
JBLU,NASD
JBND,NYSE
JBS,NYSE
JBSS,NASD
JBTM,NYSE
JCAP,NASD
JCE,NYSE
JCI,NYSE
JCSE,NASD
JCTC,NASD
JD,NASD
JDOC,NASD
JDZG,NASD
JEF,NYSE
JELD,NYSE
JEM,NASD
JEMA,NASD
JENA,NYSE
JENA.R,NYSE
JENA.U,NYSE
JEPQ,NASD
JF,NASD
JFB,NASD
JFIN,NASD
JFR,NYSE
JFU,NASD
JG,NASD
JGH,NYSE
JGLO,NASD
JHAI,NASD
JHI,NYSE
JHS,NYSE
JHX,NYSE
JILL,NYSE
JIVE,NASD
JJSF,NASD
JKHY,NASD
JKS,NYSE
JL,NASD
JLHL,NASD
JLL,NYSE
JLS,NYSE
JLVP,NASD
JMIA,NYSE
JMID,NASD
JMKE,NYSE
JMM,NYSE
JMSB,NASD
JNJ,NYSE
JOB,AMEX
JOBY,NYSE
JOE,NYSE
JOF,NYSE
JONEU,NASD
JOUT,NASD
JOYT,NASD
JOYY,NASD
JPC,NYSE
JPEF,NASD
JPFP,NASD
JPM,NYSE
JPY,NASD
JQC,NYSE
JRI,NYSE
JRS,NYSE
JRSH,NASD
JRVR,NASD
JSM,NASD
JSMD,NASD
JSML,NASD
JSPR,NASD
JSPRW,NASD
JTAI,NASD
JTEK,NASD
JUNS,NASD
JVA,NASD
JWEL,NASD
JXG,NASD
JXN,NYSE
JYD,NASD
JYNT,NASD
JZ,NASD
JZXN,NASD
KAI,NYSE
KALA,NASD
KALU,NASD
KAPA,AMEX
KARD,NASD
KARO,NASD
KAT,NASD
KAZR,NASD
KB,NYSE
KBAB,NASD
KBDC,NYSE
KBDU,NASD
KBH,NYSE
KBON,NASD
KBONU,NASD
KBONW,NASD
KBR,NYSE
KBSX,NASD
KBWB,NASD
KBWD,NASD
KBWP,NASD
KBWY,NASD
KC,NASD
KCA.U,NYSE
KCAC.U,NYSE
KCAC.W,NYSE
KCHV,NASD
KCHVR,NASD
KCHVU,NASD
KD,NYSE
KDK,NASD
KDKRW,NASD
KDP,NASD
KE,NASD
KEAT,NASD
KEEL,NASD
KELYA,NASD
KELYB,NASD
KEN,NYSE
KEP,NYSE
KEQU,NASD
KEX,NYSE
KEY,NYSE
KEYS,NYSE
KEYY,NASD
KEYYU,NASD
KEYYW,NASD
KF,NYSE
KFFB,NASD
KFII,NASD
KFIIR,NASD
KFIIU,NASD
KFRC,NYSE
KFY,NYSE
KG,NASD
KGC,NYSE
KGEI,NASD
KGS,NYSE
KHC,NASD
KIDS,NASD
KIDZ,NASD
KIDZW,NASD
KIM,NYSE
KINS,NASD
KIO,NYSE
KIQQ,NASD
KITT,NASD
KITTW,NASD
KJD,NASD
KKR,NYSE
KKRS,NYSE
KKRT,NYSE
KLAC,NASD
KLAG,NASD
KLAR,NYSE
KLC,NYSE
KLIC,NASD
KLRA,NASD
KLRS,NASD
KLTR,NASD
KLXE,NASD
KMB,NASD
KMDA,NASD
KMI,NYSE
KMLI,NASD
KMPB,NYSE
KMPR,NYSE
KMRK,NASD
KMT,NYSE
KMTS,NASD
KMX,NYSE
KN,NYSE
KNDI,NASD
KNF,NYSE
KNGZ,NASD
KNOP,NYSE
KNRX,AMEX
KNSA,NASD
KNSL,NYSE
KNTK,NYSE
KNX,NYSE
KO,NYSE
KOD,NASD
KODK,NYSE
KOF,NYSE
KOID,NASD
KOP,NYSE
KOPN,NASD
KOS,NYSE
KOSS,NASD
KOYN,NASD
KOYNU,NASD
KOYNW,NASD
KPDD,NASD
KPET,NYSE
KPET.U,NYSE
KPET.W,NYSE
KPLT,NASD
KPRX,NASD
KPTI,NASD
KQQQ,NASD
KR,NYSE
KRAQ,NASD
KRAQU,NASD
KRAQW,NASD
KRC,NYSE
KREF,NYSE
KRG,NYSE
KRKR,NASD
KRMD,NASD
KRMN,NYSE
KRNT,NASD
KRNY,NASD
KRO,NYSE
KROP,NASD
KROS,NASD
KRP,NYSE
KRRO,NASD
KRSP,NYSE
KRSP.U,NYSE
KRSP.W,NYSE
KRT,NASD
KRUS,NASD
KRYS,NASD
KSCP,NASD
KSMH,NASD
KSPI,NASD
KSS,NYSE
KT,NYSE
KTB,NYSE
KTCC,NASD
KTF,NYSE
KTH,NYSE
KTN,NYSE
KTOS,NASD
KTTA,NASD
KTTAW,NASD
KTWO,NASD
KTWOR,NASD
KTWOU,NASD
KULR,AMEX
KURA,NASD
KUST,NASD
KVHI,NASD
KVUE,NYSE
KVYO,NYSE
KWM,NASD
KWMWW,NASD
KWR,NYSE
KWY,NYSE
KXIN,NASD
KYIV,NASD
KYIVW,NASD
KYMR,NASD
KYN,NYSE
KYNB,NASD
KYTX,NASD
KZIA,NASD
L,NYSE
LAB,NASD
LABT,NASD
LAC,NYSE
LAD,NYSE
LADR,NYSE
LAES,NASD
LAFA,NASD
LAFAR,NASD
LAFAU,NASD
LAKE,NASD
LAMR,NASD
LAND,NASD
LANDO,NASD
LANDP,NASD
LANV,NYSE
LAR,NYSE
LARK,NASD
LASE,NASD
LASR,NASD
LATA,NASD
LATAU,NASD
LATAW,NASD
LAUR,NASD
LAW,NYSE
LAWR,NASD
LAZ,NYSE
LB,NYSE
LBGJ,NASD
LBRT,NYSE
LBRX,NASD
LBTYA,NASD
LBTYB,NASD
LBTYK,NASD
LCCC,NASD
LCCCR,NASD
LCCCU,NASD
LCDS,NASD
LCFY,NASD
LCFYW,NASD
LCID,NASD
LCII,NYSE
LCLN,NYSE
LCNB,NASD
LCTX,AMEX
LCUT,NASD
LDEM,NASD
LDI,NYSE
LDOS,NYSE
LDP,NYSE
LDRX,NASD
LDSF,NASD
LE,NASD
LEA,NYSE
LECO,NASD
LEDS,NASD
LEE,NASD
LEG,NYSE
LEGH,NASD
LEGN,NASD
LEGO,AMEX
LEGO.U,AMEX
LEGO.W,AMEX
LEGR,NASD
LEN,NYSE
LEN.B,NYSE
LEND,NASD
LENZ,NASD
LEO,NYSE
LESL,NASD
LEU,NYSE
LEVI,NYSE
LEXI,NASD
LEXX,NASD
LFAC,NASD
LFACU,NASD
LFACW,NASD
LFCR,NASD
LFMD,NASD
LFMDP,NASD
LFS,NASD
LFSC,NASD
LFST,NASD
LFT,NYSE
LFTO,NASD
LFUS,NASD
LFVN,NASD
LFWD,NASD
LGCF,NASD
LGCL,NASD
LGCY,AMEX
LGDS,NASD
LGHL,NASD
LGI,NYSE
LGIH,NASD
LGL,AMEX
LGN,NASD
LGND,NASD
LGO,NASD
LGPS,AMEX
LGRO,NASD
LGVN,NASD
LH,NYSE
LHAI,NASD
LHSW,NASD
LHX,NYSE
LI,NASD
LICN,NASD
LIDR,NASD
LIEN,NASD
LIF,NASD
LIFE,NASD
LII,NYSE
LILA,NASD
LILAK,NASD
LILAP,NASD
LIME,NASD
LIMN,NASD
LIMNW,NASD
LIN,NASD
LINC,NASD
LIND,NASD
LINE,NASD
LINK,NASD
LINT,NASD
LION,NYSE
LIQT,NASD
LITB,NYSE
LITE,NASD
LITP,NASD
LITS,NASD
LIVE,NASD
LIVN,NASD
LKFN,NASD
LKFT,NASD
LKQ,NASD
LKSP,NASD
LKSPR,NASD
LKSPU,NASD
LLY,NYSE
LLYVA,NASD
LLYVK,NASD
LMAT,NASD
LMB,NASD
LMBS,NASD
LMND,NYSE
LMNR,NASD
LMNX,NASD
LMRI,NASD
LMT,NYSE
LMTL,NASD
LNAI,NASD
LNC,NYSE
LND,NYSE
LNG,NYSE
LNKS,NASD
LNN,NYSE
LNSR,NASD
LNT,NASD
LNTH,NASD
LNZA,NASD
LNZAW,NASD
LOAN,NASD
LOAR,NYSE
LOB,NYSE
LOBO,NASD
LOCL,NYSE
LOCO,NASD
LODE,AMEX
LOGI,NASD
LOGO,NASD
LOMA,NYSE
LONA,NASD
LOOP,NASD
LOPE,NASD
LOT,NASD
LOTI,NASD
LOTWW,NASD
LOVE,NASD
LOW,NYSE
LPA,AMEX
LPAA,NASD
LPAAU,NASD
LPAAW,NASD
LPBB,NASD
LPBBU,NASD
LPBBW,NASD
LPCN,NASD
LPCV,NASD
LPCVU,NASD
LPCVW,NASD
LPG,NYSE
LPL,NYSE
LPLA,NASD
LPSN,NASD
LPTH,NASD
LPX,NYSE
LQ,NASD
LQDA,NASD
LQDT,NASD
LRCX,NASD
LRE,NASD
LRGE,NASD
LRHC,NASD
LRMR,NASD
LRN,NYSE
LRND,NASD
LSAK,NASD
LSBK,NASD
LSCC,NASD
LSE,NASD
LSF,AMEX
LSPD,NYSE
LSTA,NASD
LSTR,NASD
LTBR,NASD
LTC,NYSE
LTCC,NASD
LTGO,NASD
LTGR,NASD
LTGRU,NASD
LTGRW,NASD
LTH,NYSE
LTM,NYSE
LTRN,NASD
LTRX,NASD
LTRYW,NASD
LU,NYSE
LUCD,NASD
LUCK,NYSE
LUCY,NASD
LUCYW,NASD
LUD,AMEX
LULG,NASD
LULU,NASD
LUMN,NYSE
LUNG,NASD
LUNR,NASD
LUV,NYSE
LUXE,NYSE
LVDS,NASD
LVHD,NASD
LVIG,NASD
LVLU,NASD
LVO,NASD
LVS,NYSE
LVWR,NYSE
LVWR.W,NYSE
LW,NYSE
LWAC,NASD
LWACU,NASD
LWACW,NASD
LWAY,NASD
LWLG,NASD
LX,NASD
LXEH,NASD
LXEO,NASD
LXFR,NYSE
LXP,NYSE
LXRX,NASD
LXU,NYSE
LYB,NYSE
LYEL,NASD
LYFT,NASD
LYG,NYSE
LYNX,NYSE
LYTS,NASD
LYV,NYSE
LZ,NASD
LZB,NYSE
LZM,NYSE
LZM.W,NYSE
LZMH,NASD
M,NYSE
MA,NYSE
MAA,NYSE
MAAS,NASD
MAAY,NASD
MAC,NYSE
MACI,NASD
MACIU,NASD
MACIW,NASD
MAGH,NASD
MAGN,NYSE
MAIA,AMEX
MAIN,NYSE
MAIR,NYSE
MAKO,NASD
MAMA,NASD
MAMK,NASD
MAMO,NASD
MAN,NYSE
MANE,NYSE
MANH,NASD
MANU,NYSE
MAR,NASD
MARA,NASD
MARPS,NASD
MAS,NYSE
MASK,NASD
MASS,NASD
MAT,NASD
MATE,NASD
MATH,NASD
MATV,NYSE
MATW,NASD
MATX,NYSE
MAX,NYSE
MAXI,NASD
MAYS,NASD
MAZE,NASD
MB,NASD
MBAI,NASD
MBB,NASD
MBBC,NASD
MBC,NYSE
MBGL,NYSE
MBI,NYSE
MBIN,NASD
MBINL,NASD
MBINM,NASD
MBINN,NASD
MBIO,NASD
MBLY,NASD
MBNKO,NASD
MBOT,NASD
MBRX,NASD
MBS,NASD
MBUU,NASD
MBVI,NASD
MBVIU,NASD
MBVIW,NASD
MBWM,NASD
MBX,NASD
MC,NYSE
MCAH,NASD
MCAHR,NASD
MCAHU,NASD
MCB,NYSE
MCBS,NASD
MCD,NYSE
MCDS,NASD
MCFT,NASD
MCGA,NASD
MCGAU,NASD
MCGAW,NASD
MCHB,NASD
MCHI,NASD
MCHP,NASD
MCHPP,NASD
MCHS,NASD
MCHX,NASD
MCI,NYSE
MCK,NYSE
MCN,NYSE
MCO,NYSE
MCRB,NASD
MCRI,NASD
MCRP,AMEX
MCS,NYSE
MCTA,NASD
MCY,NYSE
MD,NYSE
MDA,NYSE
MDAI,NASD
MDAIW,NASD
MDB,NASD
MDBH,NASD
MDCX,NASD
MDCXW,NASD
MDGL,NASD
MDIA,NASD
MDIV,NASD
MDLN,NASD
MDLZ,NASD
MDRR,NASD
MDST,NYSE
MDT,NYSE
MDU,NYSE
MDWD,NASD
MDXG,NASD
MDXH,NASD
MEC,NYSE
MED,NYSE
MEDP,NASD
MEDS,NASD
MEDX,NASD
MEGI,NYSE
MEGL,NASD
MEI,NYSE
MELI,NASD
MEMA,NASD
MEMS,NASD
MENS,NASD
MEOH,NASD
MERC,NASD
MESH,NASD
MESHU,NASD
MESHW,NASD
MESO,NASD
MET,NYSE
META,NASD
METC,NASD
METCB,NASD
METCI,NASD
METCZ,NASD
METD,NASD
METL,NASD
METU,NASD
MEVO,NASD
MEVOU,NASD
MEVOW,NASD
MF,NASD
MFA,NYSE
MFAN,NYSE
MFAO,NYSE
MFC,NYSE
MFG,NYSE
MFI,NASD
MFIC,NASD
MFICL,NASD
MFIG,NASD
MFIN,NASD
MFLX,NASD
MFM,NYSE
MFMO,NASD
MFP,NASD
MFSB,NYSE
MFSG,NYSE
MFSI,NYSE
MFSM,NYSE
MFSV,NYSE
MFVL,NASD
MG,NYSE
MGA,NYSE
MGEE,NASD
MGF,NYSE
MGIH,NASD
MGLD,AMEX
MGM,NYSE
MGN,NASD
MGNI,NASD
MGNX,NASD
MGPI,NASD
MGR,NYSE
MGRB,NYSE
MGRC,NASD
MGRD,NYSE
MGRE,NYSE
MGRT,NASD
MGRX,NASD
MGTX,NASD
MGX,NASD
MGY,NYSE
MGYR,NASD
MH,NYSE
MHD,NYSE
MHF,NYSE
MHH,AMEX
MHK,NYSE
MHLA,NYSE
MHNC,NYSE
MHO,NYSE
MI,AMEX
MIACU,NASD
MIAX,NYSE
MICC,NYSE
MIDD,NASD
MILN,NASD
MIMI,NASD
MIN,NYSE
MIND,NASD
MINE,AMEX
MIR,NYSE
MIRA,NASD
MIRM,NASD
MIST,NASD
MITK,NASD
MITN,NYSE
MITP,NYSE
MITQ,AMEX
MITT,NYSE
MIY,NYSE
MKAM,NASD
MKC,NYSE
MKC.V,NYSE
MKDW,NASD
MKDWW,NASD
MKL,NYSE
MKLY,NASD
MKLYR,NASD
MKLYU,NASD
MKSI,NASD
MKTW,NASD
MKTX,NASD
MKZR,NASD
MLAA,NASD
MLAAU,NASD
MLAAW,NASD
MLAB,NASD
MLCI,NASD
MLCIL,NASD
MLCO,NASD
MLEC,NASD
MLECW,NASD
MLGO,NASD
MLI,NYSE
MLKN,NASD
MLM,NYSE
MLP,NYSE
MLR,NYSE
MLSS,AMEX
MLTX,NASD
MLYS,NASD
MMA,AMEX
MMD,NYSE
MMED,NASD
MMI,NYSE
MMID,NYSE
MMK,NYSE
MMKT,NYSE
MMLP,NASD
MMM,NYSE
MMS,NYSE
MMSI,NASD
MMT,NYSE
MMTX,NASD
MMTXU,NASD
MMTXW,NASD
MMU,NYSE
MMYT,NASD
MNDO,NASD
MNDR,NASD
MNDY,NASD
MNKD,NASD
MNOV,NASD
MNPR,NASD
MNR,NYSE
MNRO,NASD
MNSB,NASD
MNSBP,NASD
MNSO,NYSE
MNST,NASD
MNTK,NASD
MNTN,NYSE
MNTS,NASD
MNVT,NASD
MNY,NASD
MNYWW,NASD
MNZL,NASD
MO,NYSE
MOB,NASD
MOBBW,NASD
MOBI,NASD
MOBX,NASD
MOBXW,NASD
MOD,NYSE
MODD,NASD
MODL,NASD
MOG.A,NYSE
MOG.B,NYSE
MOGU,NYSE
MOH,NYSE
MOLN,NASD
MOMO,NASD
MOOD,NASD
MORN,NASD
MOS,NYSE
MOV,NYSE
MOVE,NASD
MP,NYSE
MPA,NYSE
MPAA,NASD
MPB,NASD
MPC,NYSE
MPG,NASD
MPIA,NASD
MPLT,NASD
MPLX,NYSE
MPT,NYSE
MPTI,AMEX
MPU,AMEX
MPV,NYSE
MPWR,NASD
MQ,NASD
MQQQ,NASD
MQY,NYSE
MRA,NASD
MRAL,NASD
MRAM,NASD
MRBK,NASD
MRCO,NASD
MRCOU,NASD
MRCOW,NASD
MRCY,NASD
MRDN,NASD
MREO,NASD
MRK,NYSE
MRKR,NASD
MRLN,NASD
MRM,NASD
MRNA,NASD
MRNO,NASD
MRNOW,NASD
MRP,NYSE
MRSH,NYSE
MRT,AMEX
MRTN,NASD
MRVI,NASD
MRVL,NASD
MRVU,NASD
MRX,NASD
MS,NYSE
MSA,NYSE
MSAI,NASD
MSAIW,NASD
MSB,NYSE
MSBI,NASD
MSBIP,NASD
MSC,NYSE
MSCI,NYSE
MSD,NYSE
MSDL,NYSE
MSEX,NASD
MSFD,NASD
MSFL,NASD
MSFT,NASD
MSFU,NASD
MSGE,NYSE
MSGM,NASD
MSGS,NYSE
MSGY,NASD
MSI,NYSE
MSIF,NYSE
MSLE,NASD
MSM,NYSE
MSN,AMEX
MSR,NASD
MSS,NASD
MST,NASD
MSTP,NASD
MSTR,NASD
MSTX,NASD
MT,NYSE
MTA,AMEX
MTAKU,NASD
MTAL,NYSE
MTAL.U,NYSE
MTAL.W,NYSE
MTB,NYSE
MTC,NASD
MTCH,NASD
MTD,NYSE
MTDR,NYSE
MTEK,NASD
MTEKW,NASD
MTEN,NASD
MTEX,NASD
MTG,NYSE
MTH,NYSE
MTLS,NASD
MTN,NYSE
MTNB,AMEX
MTNE,NYSE
MTNE.U,NYSE
MTNE.W,NYSE
MTR,NYSE
MTRN,NYSE
MTRX,NASD
MTSI,NASD
MTUS,NYSE
MTVA,NASD
MTW,NYSE
MTX,NYSE
MTYY,NASD
MTZ,NYSE
MU,NASD
MUA,NYSE
MUC,NYSE
MUD,NASD
MUFG,NYSE
MUJ,NYSE
MULL,NASD
MULT,NASD
MUR,NYSE
MUSA,NYSE
MUSE,NYSE
MUU,NASD
MUX,NYSE
MUYY,NASD
MUZE,NASD
MUZEU,NASD
MUZEW,NASD
MVBF,NASD
MVIS,NASD
MVLL,NASD
MVST,NASD
MWA,NYSE
MWC,NASD
MWG,AMEX
MWH,NASD
MWYN,NASD
MX,NYSE
MXC,AMEX
MXCT,NASD
MXE,NYSE
MXF,NYSE
MXL,NASD
MYCF,NASD
MYCG,NASD
MYCH,NASD
MYCI,NASD
MYCJ,NASD
MYCK,NASD
MYCL,NASD
MYCM,NASD
MYCN,NASD
MYCO,NASD
MYE,NYSE
MYFW,NASD
MYGN,NASD
MYHA,NASD
MYHB,NASD
MYHC,NASD
MYHD,NASD
MYHE,NASD
MYI,NYSE
MYMF,NASD
MYMG,NASD
MYMH,NASD
MYMI,NASD
MYMJ,NASD
MYMK,NASD
MYN,NYSE
MYND,AMEX
MYO,AMEX
MYPS,NASD
MYRG,NASD
MYSE,NASD
MYSZ,NASD
MYX,NASD
MYXXR,NASD
MYXXU,NASD
MYXXW,NASD
MZTI,NASD
MZYX,NYSE
MZYX.U,NYSE
MZYX.W,NYSE
NA,NASD
NAAS,NASD
NABL,NYSE
NAC,NYSE
NAD,NYSE
NAGE,NASD
NAII,NASD
NAK,AMEX
NAKA,NASD
NAMI,NASD
NAMM,NASD
NAMMW,NASD
NAMS,NASD
NAMSW,NASD
NAN,NYSE
NAT,NYSE
NATH,NASD
NATL,NYSE
NATO,NASD
NATR,NASD
NAUT,NASD
NAVI,NASD
NAVN,NASD
NAZ,NYSE
NB,NASD
NBB,NYSE
NBBK,NASD
NBH,AMEX
NBHC,NYSE
NBIG,NASD
NBIL,NASD
NBIS,NASD
NBIX,NASD
NBN,NASD
NBP,NASD
NBR,NYSE
NBRG,NASD
NBRGR,NASD
NBRGU,NASD
NBTB,NASD
NBTX,NASD
NBXG,NYSE
NC,NYSE
NCA,NYSE
NCDL,NYSE
NCEL,NASD
NCEW,NASD
NCI,NASD
NCIQ,NASD
NCL,AMEX
NCLD,NASD
NCLH,NYSE
NCMI,NASD
NCNA,NASD
NCNO,NASD
NCO,NASD
NCOOR,NASD
NCOOU,NASD
NCOOW,NASD
NCPB,NASD
NCPL,NASD
NCPLW,NASD
NCRA,NASD
NCSM,NASD
NCT,NASD
NCTY,NASD
NCV,NYSE
NCZ,NYSE
NDAA,NASD
NDAQ,NASD
NDLS,NASD
NDMO,NYSE
NDRA,NASD
NDSN,NASD
NE,NYSE
NE.A,NYSE
NE.W,NYSE
NEA,NYSE
NECB,NASD
NEE,NYSE
NEGG,NASD
NEM,NYSE
NEMG,NASD
NEN,AMEX
NEO,NASD
NEOG,NASD
NEON,NASD
NEOV,NASD
NEOVW,NASD
NEPH,NASD
NERV,NASD
NESR,NASD
NET,NYSE
NETG,NASD
NEU,NYSE
NEUP,NASD
NEWP,AMEX
NEWT,NASD
NEWTG,NASD
NEWTH,NASD
NEWTI,NASD
NEWTO,NASD
NEWTP,NASD
NEWZ,NASD
NEXA,NYSE
NEXM,NASD
NEXN,NASD
NEXR,NASD
NEXRW,NASD
NEXT,NASD
NFE,NASD
NFG,NYSE
NFGC,AMEX
NFJ,NYSE
NFLX,NASD
NFRX,NASD
NFTY,NASD
NFXL,NASD
NFXS,NASD
NG,AMEX
NGEN,NASD
NGG,NYSE
NGHT,NASD
NGL,NYSE
NGNE,NASD
NGS,NYSE
NGVC,NYSE
NGVT,NYSE
NHC,AMEX
NHI,NYSE
NHIC,NASD
NHICU,NASD
NHICW,NASD
NHIV,NASD
NHIVU,NASD
NHIVW,NASD
NHP,NASD
NHPAP,NASD
NHPBP,NASD
NHS,AMEX
NHTC,NASD
NI,NYSE
NIC,NYSE
NICE,NASD
NICM,NASD
NIE,NYSE
NIKI,NASD
NIKL,NASD
NIM,NYSE
NINE,AMEX
NIO,NYSE
NIOBW,NASD
NIOG,NASD
NIPG,NASD
NIQ,NYSE
NIU,NASD
NIVF,NASD
NIVFW,NASD
NIXT,NASD
NIXX,NASD
NJR,NYSE
NKE,NYSE
NKLR,NASD
NKSH,NASD
NKTR,NASD
NKTX,NASD
NKX,NYSE
NL,NYSE
NLOP,NYSE
NLY,NYSE
NMAD,NASD
NMAI,NYSE
NMAX,NYSE
NMCO,NYSE
NMFC,NASD
NMFCZ,NASD
NMG,NYSE
NMI,NYSE
NMIH,NASD
NML,AMEX
NMM,NYSE
NMP,NASD
NMPAR,NASD
NMPAU,NASD
NMR,NYSE
NMRA,NASD
NMRK,NASD
NMS,NYSE
NMT,NYSE
NMTC,NASD
NMZ,NYSE
NN,NASD
NNBR,NASD
NNDM,NASD
NNE,NASD
NNI,NYSE
NNN,NYSE
NNNN,NASD
NNOX,NASD
NNVC,AMEX
NNY,NYSE
NOA,NYSE
NOAH,NYSE
NOC,NYSE
NODK,NASD
NOEM,NASD
NOEMR,NASD
NOEMU,NASD
NOEMW,NASD
NOG,NYSE
NOK,NYSE
NOMA,NASD
NOMD,NYSE
NOV,NYSE
NOVT,NASD
NOVTU,NASD
NOW,NYSE
NOWL,NASD
NP,NYSE
NPAC,NASD
NPACU,NASD
NPACW,NASD
NPB,NYSE
NPCE,NASD
NPCT,NYSE
NPFD,NYSE
NPFI,NASD
NPK,NYSE
NPKI,NYSE
NPO,NYSE
NPT,NASD
NPV,NYSE
NPWR,NYSE
NPWR.W,NYSE
NRC,NASD
NRDS,NASD
NRDY,NYSE
NREF,NYSE
NRES,NASD
NRG,NYSE
NRGV,NYSE
NRIM,NASD
NRIX,NASD
NRK,NYSE
NRO,AMEX
NRP,NYSE
NRSN,NASD
NRSNW,NASD
NRT,NYSE
NRUC,NYSE
NRXP,NASD
NRXS,AMEX
NSAIU,NASD
NSC,NYSE
NSI,NASD
NSIT,NASD
NSLR,NASD
NSLRL,NASD
NSP,NYSE
NSPR,NASD
NSRX,AMEX
NSSC,NASD
NSTS,NASD
NSYS,NASD
NTAL,NASD
NTAP,NASD
NTB,NYSE
NTCL,NASD
NTCT,NASD
NTES,NASD
NTGR,NASD
NTHI,NASD
NTIC,NASD
NTIP,AMEX
NTLA,NASD
NTNX,NASD
NTR,NYSE
NTRA,NASD
NTRB,NASD
NTRBW,NASD
NTRP,NASD
NTRS,NASD
NTRSO,NASD
NTSK,NASD
NTST,NYSE
NTWK,NASD
NTWO,NASD
NTWOU,NASD
NTWOW,NASD
NTZ,NYSE
NU,NYSE
NUAI,NASD
NUAIW,NASD
NUCL,NASD
NUCLW,NASD
NUE,NYSE
NUG,NASD
NUGY,NASD
NUIF,NASD
NUR,NASD
NUS,NYSE
NUSB,NASD
NUTX,NASD
NUV,NYSE
NUVB,NYSE
NUW,NYSE
NUWE,NASD
NVA,AMEX
NVA.W,AMEX
NVAX,NASD
NVCR,NASD
NVCT,NASD
NVD,NASD
NVDA,NASD
NVDD,NASD
NVDG,NASD
NVDL,NASD
NVDS,NASD
NVDU,NASD
NVEC,NASD
NVG,NYSE
NVGS,NYSE
NVMI,NASD
NVNI,NASD
NVNIW,NASD
NVNO,NASD
NVO,NYSE
NVPS,NASD
NVR,NYSE
NVRI,NYSE
NVS,NYSE
NVST,NYSE
NVT,NYSE
NVTS,NASD
NVX,NASD
NVYY,NASD
NWAX,NYSE
NWAX.U,NYSE
NWAX.W,NYSE
NWBI,NASD
NWE,NASD
NWFL,NASD
NWG,NYSE
NWGL,NASD
NWL,NASD
NWN,NYSE
NWPX,NASD
NWS,NASD
NWSA,NASD
NWTG,NASD
NX,NYSE
NXB,AMEX
NXDR,NYSE
NXDT,NYSE
NXE,NYSE
NXG,NYSE
NXGL,NASD
NXGLW,NASD
NXH,NASD
NXL,NASD
NXP,NYSE
NXPI,NASD
NXPL,NASD
NXRT,NYSE
NXST,NASD
NXT,NASD
NXTC,NASD
NXTG,NASD
NXTS,NASD
NXTT,NASD
NXXT,NASD
NYAX,NASD
NYC,NYSE
NYT,NYSE
NYXH,NASD
NZAC,NASD
NZF,NYSE
O,NYSE
OABI,NASD
OABIW,NASD
OACC,NASD
OACCU,NASD
OACCW,NASD
OBA,NASD
OBAI,NASD
OBAWU,NASD
OBAWW,NASD
OBDC,NYSE
OBE,AMEX
OBIL,NASD
OBIO,NASD
OBK,NYSE
OBT,NASD
OBTC,NASD
OBX,NASD
OC,NYSE
OCAC,NYSE
OCAC.R,NYSE
OCAC.U,NYSE
OCAC.W,NYSE
OCC,NASD
OCCI,NASD
OCCIM,NASD
OCCIN,NASD
OCFC,NASD
OCG,NASD
OCGN,NASD
OCLTU,NASD
OCS,NASD
OCSAW,NASD
OCSL,NASD
OCTV,NASD
OCUL,NASD
ODC,NYSE
ODD,NASD
ODDS,NASD
ODFL,NASD
ODTE,NASD
ODTX,NASD
ODYS,NASD
OEC,NYSE
OESX,NASD
OFAL,NASD
OFG,NYSE
OFIX,NASD
OFLX,NASD
OFRM,NYSE
OFS,NASD
OFSSH,NASD
OFSSO,NASD
OGC,NYSE
OGE,NYSE
OGEN,AMEX
OGG,NYSE
OGGWZ,NASD
OGI,NASD
OGN,NYSE
OGS,NYSE
OHAC,NASD
OHACR,NASD
OHACU,NASD
OHI,NYSE
OI,NYSE
OIA,NYSE
OII,NYSE
OIM,NASD
OIMAU,NASD
OIMAW,NASD
OIO,NASD
OIOWW,NASD
OIS,NYSE
OKE,NYSE
OKLL,NASD
OKLO,NYSE
OKTA,NASD
OKTG,NASD
OKUR,NASD
OKYO,NASD
OLB,NASD
OLED,NASD
OLLI,NASD
OLMA,NASD
OLN,NYSE
OLOX,NASD
OLP,NYSE
OM,NASD
OMAB,NASD
OMC,NYSE
OMCL,NASD
OMDA,NASD
OMER,NASD
OMEX,NASD
OMF,NYSE
OMH,NASD
OMSE,NASD
ON,NASD
ONB,NASD
ONBPO,NASD
ONBPP,NASD
ONC,NASD
ONCH,NASD
ONCHU,NASD
ONCHW,NASD
ONCO,NASD
ONCY,NASD
ONDG,NASD
ONDS,NASD
ONEG,NASD
ONEQ,NASD
ONEW,NASD
ONFO,NASD
ONFOW,NASD
ONIT,NYSE
ONL,NYSE
ONMD,NASD
ONMDW,NASD
ONON,NYSE
ONT,NYSE
ONTO,NYSE
OOMA,NYSE
OPAD,NYSE
OPAL,NASD
OPBK,NASD
OPCH,NASD
OPEG,NASD
OPEN,NASD
OPENL,NASD
OPENW,NASD
OPENZ,NASD
OPFI,NYSE
OPHC,AMEX
OPI,NASD
OPK,NASD
OPLN,NYSE
OPP,NYSE
OPPJ,NASD
OPRA,NASD
OPRT,NASD
OPRX,NASD
OPTH,NASD
OPTT,AMEX
OPTU,NYSE
OPTX,NASD
OPTXW,NASD
OPTZ,NASD
OPXS,NASD
OPY,NYSE
OR,NYSE
ORA,NYSE
ORBS,NASD
ORBX,NASD
ORC,NYSE
ORCL,NYSE
ORCS,NASD
ORCU,NASD
ORCX,NASD
ORGO,NASD
ORI,NYSE
ORIC,NASD
ORIO,NASD
ORIQ,NASD
ORIQU,NASD
ORIQW,NASD
ORKA,NASD
ORKT,NASD
ORLY,NASD
ORMP,NASD
ORN,NYSE
ORR,NASD
ORRF,NASD
OSBC,NASD
OSCR,NYSE
OSCX,NASD
OSG,NYSE
OSIS,NASD
OSK,NYSE
OSPN,NASD
OSPR,NASD
OSPRU,NASD
OSPRW,NASD
OSRH,NASD
OSRHW,NASD
OSS,NASD
OST,NASD
OSTX,AMEX
OSUR,NASD
OSW,NASD
OTAI,NYSE
OTAI.R,NYSE
OTAI.U,NYSE
OTEX,NASD
OTF,NYSE
OTGA,NASD
OTGAU,NASD
OTGAW,NASD
OTGL,NASD
OTIS,NYSE
OTLK,NASD
OTLY,NASD
OTTR,NASD
OUST,NASD
OUT,NYSE
OVBC,NASD
OVID,NASD
OVLY,NASD
OVV,NYSE
OWL,NYSE
OWLS,NASD
OWLT,NYSE
OXBR,NASD
OXBRW,NASD
OXLC,NASD
OXLCG,NASD
OXLCI,NASD
OXLCL,NASD
OXLCM,NASD
OXLCN,NASD
OXLCO,NASD
OXLCZ,NASD
OXM,NYSE
OXSQ,NASD
OXSQG,NASD
OXSQH,NASD
OXY,NYSE
OXY.W,NYSE
OYSE,NASD
OYSER,NASD
OYSEU,NASD
OZ,AMEX
OZEM,NASD
OZK,NASD
OZKAP,NASD
P,NYSE
PAA,NASD
PAAC,NASD
PAACU,NASD
PAACW,NASD
PAAS,NYSE
PABD,NASD
PABU,NASD
PAC,NYSE
PACB,NASD
PACH,NASD
PACHU,NASD
PACHW,NASD
PACK,NYSE
PACS,NYSE
PAG,NYSE
PAGP,NASD
PAGS,NYSE
PAHC,NASD
PAI,NYSE
PAII,NYSE
PAII.U,NYSE
PAII.W,NYSE
PAL,NASD
PALD,NASD
PALI,NASD
PALO,NASD
PALOU,NASD
PALOW,NASD
PALU,NASD
PAM,NYSE
PAMT,NASD
PANG,NASD
PANL,NASD
PANW,NASD
PAPL,AMEX
PAR,NYSE
PARA,NASD
PARAW,NASD
PARK,NASD
PARR,NYSE
PASG,NASD
PASW,NASD
PATH,NYSE
PATK,NASD
PATN,NASD
PAVM,NASD
PAVS,NASD
PAX,NASD
PAXS,NYSE
PAY,NYSE
PAYC,NYSE
PAYO,NASD
PAYP,NASD
PAYS,NASD
PAYX,NASD
PB,NYSE
PBA,NYSE
PBAM,NASD
PBEU,NASD
PBF,NYSE
PBFS,NASD
PBH,NYSE
PBHC,NASD
PBI,NYSE
PBK,NASD
PBLS,NASD
PBM,NASD
PBMWW,NASD
PBOG,NASD
PBPH,NASD
PBQQ,NASD
PBR,NYSE
PBR.A,NYSE
PBRG,NASD
PBSC,NASD
PBT,NYSE
PBYI,NASD
PC,NASD
PCAP,NASD
PCAPU,NASD
PCAPW,NASD
PCAR,NASD
PCB,NASD
PCF,NYSE
PCG,NYSE
PCLA,NASD
PCM,NYSE
PCMM,NASD
PCN,NYSE
PCOR,NYSE
PCPI,NASD
PCQ,NYSE
PCRX,NASD
PCSA,NASD
PCT,NASD
PCTTU,NASD
PCTTW,NASD
PCTY,NASD
PCVX,NASD
PCYO,NASD
PD,NYSE
PDBA,NASD
PDBC,NASD
PDC,NASD
PDCC,NYSE
PDD,NASD
PDDL,NASD
PDEX,NASD
PDFS,NASD
PDI,NYSE
PDLB,NASD
PDM,NYSE
PDO,NYSE
PDP,NASD
PDPA,NYSE
PDS,NYSE
PDSB,NASD
PDT,NYSE
PDX,NYSE
PDYN,NASD
PDYNW,NASD
PEB,NYSE
PEBK,NASD
PEBO,NASD
PECE,NASD
PECER,NASD
PECEU,NASD
PECEW,NASD
PECO,NASD
PED,AMEX
PEG,NYSE
PEGA,NASD
PEN,NYSE
PENG,NASD
PENN,NASD
PEO,NYSE
PEP,NASD
PEPG,NASD
PEPS,NASD
PERF,NYSE
PERI,NASD
PESI,NASD
PETS,NASD
PETZ,NASD
PEW,NYSE
PEW.W,NYSE
PEY,NASD
PEZ,NASD
PFAI,NASD
PFBC,NASD
PFD,NYSE
PFDE,NASD
PFE,NYSE
PFF,NASD
PFG,NASD
PFGC,NYSE
PFH,NYSE
PFI,NASD
PFIS,NASD
PFL,NYSE
PFLA,NYSE
PFLT,NYSE
PFM,NASD
PFN,NYSE
PFO,NYSE
PFOE,NASD
PFS,NYSE
PFSA,NASD
PFSI,NYSE
PFX,NASD
PFXNZ,NASD
PG,NYSE
PGAC,NASD
PGACR,NASD
PGACU,NASD
PGC,NASD
PGEN,NASD
PGJ,NASD
PGNY,NASD
PGP,NYSE
PGR,NYSE
PGY,NASD
PGYWW,NASD
PGZ,NYSE
PH,NYSE
PHAR,NASD
PHAT,NASD
PHG,NYSE
PHGE,AMEX
PHI,NYSE
PHIN,NYSE
PHIO,NASD
PHK,NYSE
PHM,NYSE
PHO,NASD
PHOE,NASD
PHOS,NASD
PHR,NYSE
PHUN,NASD
PHVS,NASD
PI,NASD
PICS,NASD
PID,NASD
PIE,NASD
PII,NYSE
PIII,NASD
PIIIW,NASD
PIM,NYSE
PINE,NYSE
PINS,NYSE
PIO,NASD
PIPR,NYSE
PIZ,NASD
PJT,NYSE
PK,NYSE
PKBK,NASD
PKE,NYSE
PKG,NYSE
PKOH,NASD
PKW,NASD
PKX,NYSE
PL,NYSE
PLA,NASD
PLAB,NASD
PLAG,AMEX
PLAY,NASD
PLBC,NASD
PLBL,NASD
PLBY,NASD
PLCE,NASD
PLCI,NASD
PLCIR,NASD
PLCIU,NASD
PLD,NYSE
PLG,AMEX
PLGO,NYSE
PLMK,NASD
PLMKU,NASD
PLMKW,NASD
PLMR,NASD
PLNT,NYSE
PLOW,NYSE
PLPC,NASD
PLRX,NASD
PLRZ,NASD
PLSE,NASD
PLSM,NASD
PLTD,NASD
PLTG,NASD
PLTK,NASD
PLTR,NASD
PLTS,NASD
PLTU,NASD
PLTZ,NASD
PLUG,NASD
PLUL,NASD
PLUN,NYSE
PLUN.R,NYSE
PLUN.U,NYSE
PLUR,NASD
PLUS,NASD
PLUT,NASD
PLX,AMEX
PLXS,NASD
PLYX,NASD
PLYY,NASD
PM,NYSE
PMA,NASD
PMAX,NASD
PMBS,NASD
PMCB,NASD
PMEC,NASD
PMI,AMEX
PML,NYSE
PMM,NYSE
PMMF,NYSE
PMN,NASD
PMO,NYSE
PMT,NYSE
PMTR,NASD
PMTRU,NASD
PMTRW,NASD
PMTS,NASD
PMTU,NYSE
PMTV,NYSE
PMTW,NYSE
PMVP,NASD
PN,NASD
PNAQ.U,NYSE
PNBK,NASD
PNC,NYSE
PNFP,NYSE
PNI,NYSE
PNNT,NYSE
PNQI,NASD
PNR,NYSE
PNRG,NASD
PNTG,NASD
PNW,NYSE
POAS,AMEX
POCI,NASD
PODC,NASD
PODD,NASD
POET,NASD
POLA,NASD
POLE,NASD
POLEU,NASD
POLEW,NASD
POM,NASD
PONO,NASD
PONOR,NASD
PONOU,NASD
PONY,NASD
POOL,NASD
POR,NYSE
POST,NYSE
POWI,NASD
POWL,NASD
POWW,NASD
POWWP,NASD
PPBT,NASD
PPC,NASD
PPCB,NASD
PPG,NYSE
PPH,NASD
PPHC,NASD
PPI,NASD
PPIH,NASD
PPL,NYSE
PPLC,NYSE
PPLI,NASD
PPSI,NASD
PPT,NYSE
PPTA,NASD
PQAP,NASD
PQJA,NASD
PQJL,NASD
PQOC,NASD
PR,NYSE
PRAA,NASD
PRAX,NASD
PRCH,NASD
PRCS,NYSE
PRCT,NASD
PRDO,NASD
PRE,NASD
PRENW,NASD
PRFX,NASD
PRFZ,NASD
PRG,NYSE
PRGO,NYSE
PRGS,NASD
PRH,NYSE
PRHI,NASD
PRHIZ,NASD
PRI,NYSE
PRIM,NYSE
PRK,AMEX
PRKS,NYSE
PRLB,NYSE
PRLD,NASD
PRM,NYSE
PRMB,NYSE
PRME,NASD
PRMR,NASD
PRN,NASD
PROF,NASD
PROK,NASD
PROP,NASD
PROV,NASD
PRPL,NASD
PRPO,NASD
PRQR,NASD
PRS,NYSE
PRSO,NASD
PRSU,NYSE
PRT,NYSE
PRTA,NASD
PRTH,NASD
PRTS,NASD
PRU,NYSE
PRVA,NASD
PRVS,NYSE
PRZO,NASD
PS,NYSE
PSA,NYSE
PSBD,NYSE
PSC,NASD
PSCC,NASD
PSCD,NASD
PSCE,NASD
PSCF,NASD
PSCH,NASD
PSCI,NASD
PSCM,NASD
PSCT,NASD
PSCU,NASD
PSEC,NASD
PSET,NASD
PSF,NYSE
PSFE,NYSE
PSHG,NASD
PSIG,NASD
PSIX,NASD
PSKY,NASD
PSL,NASD
PSMT,NASD
PSN,NYSE
PSNL,NASD
PSNY,NASD
PSNYW,NASD
PSO,NYSE
PSQH,NYSE
PSQH.W,NYSE
PSTL,NYSE
PSTR,NASD
PSUS,NYSE
PSWD,NASD
PSX,NYSE
PTA,NYSE
PTAC,NASD
PTACU,NASD
PTACW,NASD
PTC,NASD
PTCT,NASD
PTEN,NASD
PTF,NASD
PTGX,NASD
PTH,NASD
PTHS,AMEX
PTIR,NASD
PTLE,NASD
PTLO,NASD
PTN,NASD
PTNQ,NASD
PTON,NASD
PTOR,NASD
PTORU,NASD
PTORW,NASD
PTRN,NASD
PTY,NYSE
PUBM,NASD
PUI,NASD
PUK,NYSE
PUL,NASD
PULM,NASD
PUMP,NYSE
PUR,NASD
PURR,NASD
PUSA,NASD
PVH,NYSE
PVL,NYSE
PVLA,NASD
PW,AMEX
PWCM,NASD
PWP,NASD
PWR,NYSE
PWRD,NASD
PWRL,NASD
PXED,NYSE
PXI,NASD
PXLW,NASD
PXS,NASD
PY,NASD
PYPD,NASD
PYPG,NASD
PYPL,NASD
PYT,NYSE
PYXS,NASD
PYZ,NASD
PZG,AMEX
PZZA,NASD
Q,NYSE
QABA,NASD
QADR,NASD
QADRU,NASD
QADRW,NASD
QALT,NASD
QAT,NASD
QB,NASD
QBIG,NASD
QBTS,NASD
QBTZ,NASD
QBUF,NASD
QBY,NASD
QCLN,NASD
QCLR,NASD
QCLS,NASD
QCMD,NASD
QCML,NASD
QCMU,NASD
QCOM,NASD
QCRH,NASD
QDEL,NASD
QDTY,NASD
QETA,NASD
QETAR,NASD
QETAU,NASD
QEW,NASD
QFF,NASD
QFIN,NASD
QGEN,NYSE
QGRD,NASD
QH,NASD
QLDY,NASD
QLEP,NYSE
QLEP.W,NYSE
QLYS,NASD
QMCO,NASD
QMID,NASD
QMLS,NASD
QMOM,NASD
QNBC,NASD
QNC,AMEX
QNCX,NASD
QNDX,NASD
QNME,NASD
QNRX,NASD
QNST,NASD
QNT,NASD
QNTM,NASD
QNXT,NASD
QOWZ,NASD
QPUX,NASD
QQA,NASD
QQDN,NASD
QQEW,NASD
QQHG,NASD
QQLV,NASD
QQMG,NASD
QQQ,NASD
QQQA,NASD
QQQE,NASD
QQQG,NASD
QQQH,NASD
QQQI,NASD
QQQJ,NASD
QQQM,NASD
QQQP,NASD
QQQS,NASD
QQQT,NASD
QQQX,NASD
QQQY,NASD
QQUP,NASD
QQWZ,NASD
QQXL,NASD
QQXT,NASD
QRED,NYSE
QRED.R,NYSE
QRED.U,NYSE
QRHC,NASD
QRMI,NASD
QRVO,NASD
QS,NASD
QSEA,NASD
QSEAR,NASD
QSEAU,NASD
QSI,NASD
QSIX,NASD
QSML,NASD
QSR,NYSE
QTEC,NASD
QTEX,NASD
QTI,NASD
QTOP,NASD
QTR,NASD
QTRX,NASD
QTTB,NASD
QTUM,NASD
QTWO,NYSE
QUAD,NYSE
QUBT,NASD
QUCY,NASD
QUIK,NASD
QUMS,NASD
QUMSR,NASD
QUMSU,NASD
QURE,NASD
QVAL,NASD
QVCG,NASD
QVOL,NASD
QXL,NASD
QXO,NYSE
QXQ,NASD
QYLD,NASD
QYLG,NASD
R,NYSE
RA,NYSE
RAA,NASD
RAC,NYSE
RAC.U,NYSE
RAC.W,NYSE
RACC,NASD
RACD,NASD
RACE,NYSE
RADX,NASD
RAIL,NASD
RAIN,NASD
RAINW,NASD
RAL,NYSE
RAMP,NYSE
RAND,NASD
RANG,NASD
RANGR,NASD
RANGU,NASD
RANI,NASD
RAPP,NASD
RARE,NASD
RAUS,NASD
RAVE,NASD
RAY,NASD
RAYA,NASD
RBA,NYSE
RBB,NASD
RBBN,NASD
RBC,NYSE
RBCAA,NASD
RBIL,NASD
RBKB,NASD
RBLX,NYSE
RBNE,NASD
RBRK,NYSE
RC,NYSE
RCAT,NASD
RCAX,NASD
RCBC,NASD
RCD,NYSE
RCEL,NASD
RCG,AMEX
RCGE,NASD
RCI,NYSE
RCKT,NASD
RCKTW,NASD
RCKY,NASD
RCL,NYSE
RCMT,NASD
RCON,NASD
RCS,NYSE
RCT,NASD
RCUS,NYSE
RDAC,NASD
RDACR,NASD
RDACU,NASD
RDAG,NASD
RDAGU,NASD
RDAGW,NASD
RDCM,NASD
RDDT,NYSE
RDGT,NASD
RDHL,NASD
RDI,NASD
RDIB,NASD
RDN,NYSE
RDNT,NASD
RDNW,NASD
RDTL,NASD
RDTY,NASD
RDVT,NASD
RDVY,NASD
RDW,NYSE
RDWR,NASD
RDY,NYSE
RDZN,NASD
RDZNW,NASD
REA,AMEX
REAI,NASD
REAL,NASD
REAX,NASD
REBN,NASD
RECT,NASD
REED,AMEX
REF,NYSE
REFI,NASD
REFR,NASD
REG,NASD
REGCO,NASD
REGCP,NASD
REGN,NASD
REI,AMEX
REIT,NASD
REKR,NASD
RELL,NASD
RELX,NYSE
RELY,NASD
REMG,NASD
RENT,NASD
RENX,NASD
REPL,NASD
REPX,AMEX
RERE,NYSE
RES,NYSE
RETO,NASD
REVB,NASD
REVBW,NASD
REX,NYSE
REXC,NASD
REXR,NYSE
REYN,NASD
REZI,NYSE
RF,NYSE
RFAI,NASD
RFAIR,NASD
RFAIU,NASD
RFAM,NASD
RFAMR,NASD
RFAMU,NASD
RFDI,NASD
RFEM,NASD
RFI,NYSE
RFIL,NASD
RFL,NYSE
RFM,NYSE
RFMZ,NYSE
RGA,NYSE
RGC,NASD
RGCO,NASD
RGEN,NASD
RGLD,NASD
RGLO,NASD
RGNT,AMEX
RGNX,NASD
RGP,NASD
RGR,NYSE
RGS,NASD
RGT,NYSE
RGTI,NASD
RGTIW,NASD
RGTX,NASD
RGTZ,NASD
RGYY,NASD
RH,NYSE
RHI,NYSE
RHLD,NYSE
RHP,NYSE
RIBB,NASD
RIBBR,NASD
RIBBU,NASD
RICK,NASD
RIFR,NASD
RIG,NYSE
RIGL,NASD
RILY,NASD
RILYG,NASD
RILYL,NASD
RILYN,NASD
RILYP,NASD
RILYT,NASD
RILYZ,NASD
RIME,NASD
RING,NASD
RINT,NASD
RIO,NYSE
RIOT,NASD
RITM,NYSE
RITR,NASD
RIV,NYSE
RIVN,NASD
RJET,NASD
RJF,NYSE
RKDA,NASD
RKLB,NASD
RKLX,NASD
RKLZ,NASD
RKNG,NASD
RKT,NYSE
RKTO,NASD
RL,NYSE
RLAY,NASD
RLGT,AMEX
RLI,NYSE
RLJ,NYSE
RLMD,NASD
RLTY,NYSE
RLX,NYSE
RLYB,NASD
RM,NYSE
RMAX,NYSE
RMBI,NASD
RMBS,NASD
RMCF,NASD
RMCO,NASD
RMCOW,NASD
RMD,NYSE
RMI,NYSE
RMIX,NASD
RMM,NYSE
RMMZ,NYSE
RMNI,NASD
RMR,NASD
RMSG,NASD
RMSGW,NASD
RMT,NYSE
RMTI,NASD
RNA,NASD
RNAC,NASD
RNAZ,NASD
RNEM,NASD
RNG,NYSE
RNGR,NYSE
RNGT,NASD
RNGTU,NASD
RNGTW,NASD
RNIN,NASD
RNP,NYSE
RNR,NYSE
RNRG,NASD
RNST,NYSE
RNTX,NASD
RNW,NASD
RNWWW,NASD
RNXT,NASD
ROAD,NASD
ROBT,NASD
ROC,NASD
ROCK,NASD
ROCQ,NASD
ROCY,NASD
ROE,NASD
ROG,NYSE
ROIV,NASD
ROK,NYSE
ROKU,NASD
ROL,NYSE
ROLR,AMEX
ROMA,NASD
RONB,NYSE
ROOT,NASD
ROP,NASD
ROST,NASD
RPAY,NASD
RPC,NYSE
RPD,NASD
RPGL,NASD
RPID,NASD
RPM,NYSE
RPRX,NASD
RPT,NYSE
RQI,NYSE
RR,NASD
RRBI,NASD
RRC,NYSE
RREV,NASD
RREVU,NASD
RREVW,NASD
RRGB,NASD
RRR,NASD
RRX,NYSE
RS,NYSE
RSF,NYSE
RSG,NYSE
RSI,NYSE
RSKD,NYSE
RSSS,NASD
RSVR,NASD
RTAC,NASD
RTACU,NASD
RTACW,NASD
RTB,NASD
RTH,NASD
RTO,NYSE
RTX,NYSE
RTXG,NASD
RTYY,NASD
RUBI,NASD
RUM,NASD
RUMBW,NASD
RUN,NASD
RUNN,NASD
RUSC,NASD
RUSHA,NASD
RUSHB,NASD
RVI,NYSE
RVII,NYSE
RVLV,NYSE
RVMD,NASD
RVMDW,NASD
RVNL,NASD
RVP,AMEX
RVSB,NASD
RVSN,NASD
RVSNW,NASD
RVT,NYSE
RVTY,NYSE
RWAY,NASD
RWAYI,NASD
RWAYL,NASD
RWIN,NASD
RWT,NYSE
RWTN,NYSE
RWTO,NYSE
RWTP,NYSE
RWTQ,NYSE
RWTS,NYSE
RXO,NYSE
RXRX,NASD
RXST,NASD
RXT,NASD
RY,NYSE
RYAAY,NASD
RYAM,NYSE
RYAN,NYSE
RYDE,AMEX
RYET,NASD
RYM,NASD
RYN,NYSE
RYOJ,NASD
RYTM,NASD
RYZ,NYSE
RZC,NYSE
RZLT,NASD
RZLV,NASD
RZLVW,NASD
S,NYSE
SA,NYSE
SAAQ,NASD
SAAQU,NASD
SAAQW,NASD
SABA,NYSE
SABR,NASD
SABS,NASD
SABSW,NASD
SAC,NYSE
SAC.U,NYSE
SAC.W,NYSE
SACH,AMEX
SAFE,NYSE
SAFT,NASD
SAFX,NASD
SAGT,NASD
SAGU,NYSE
SAGU.R,NYSE
SAGU.U,NYSE
SAGU.W,NYSE
SAH,NYSE
SAIA,NASD
SAIC,NASD
SAIH,NASD
SAIHW,NASD
SAIL,NASD
SAJ,NYSE
SAM,NYSE
SAMG,NASD
SAMO.U,NYSE
SAN,NYSE
SANA,NASD
SANG,NASD
SANM,NASD
SAP,NYSE
SAR,NYSE
SARK,NASD
SARO,NYSE
SAT,NYSE
SATA,NASD
SATL,NASD
SATLW,NASD
SAV,NYSE
SAY,NYSE
SAZ,NYSE
SB,NYSE
SBAC,NASD
SBC,NASD
SBCF,NASD
SBCWW,NASD
SBET,NASD
SBEV,AMEX
SBFG,NASD
SBFM,NASD
SBFMW,NASD
SBGI,NASD
SBH,NYSE
SBI,NYSE
SBLK,NASD
SBMT,AMEX
SBR,NYSE
SBRA,NASD
SBS,NYSE
SBSI,NYSE
SBSW,NYSE
SBUX,NASD
SBXD,NYSE
SBXD.U,NYSE
SBXD.W,NYSE
SBXE,NYSE
SBXE.U,NYSE
SBXE.W,NYSE
SCA,NASD
SCAG,NASD
SCAGW,NASD
SCCD,AMEX
SCCE,AMEX
SCCF,AMEX
SCCG,AMEX
SCCO,NYSE
SCD,NYSE
SCDS,NASD
SCHL,NASD
SCHW,NYSE
SCI,NYSE
SCII,NASD
SCIIR,NASD
SCIIU,NASD
SCKT,NASD
SCL,NYSE
SCLX,NASD
SCLXW,NASD
SCM,NYSE
SCNI,NASD
SCNX,NASD
SCOR,NASD
SCPQ,NASD
SCPQU,NASD
SCPQW,NASD
SCSC,NASD
SCTX,NASD
SCWO,NASD
SCYX,NASD
SCZ,NASD
SCZM,NASD
SD,NYSE
SDA,NASD
SDAWW,NASD
SDEV,AMEX
SDG,NASD
SDGR,NASD
SDHC,NYSE
SDHI,NASD
SDHIR,NASD
SDHIU,NASD
SDHY,NYSE
SDOT,NASD
SDRL,NYSE
SDSI,NASD
SDST,NASD
SDSTW,NASD
SDTY,NASD
SDVY,NASD
SE,NYSE
SEAT,NASD
SEATW,NASD
SEB,AMEX
SECZ,NYSE
SEDG,NASD
SEED,NASD
SEEM,NASD
SEER,NASD
SEG,NYSE
SEGG,NASD
SEI,NYSE
SEIC,NASD
SEIE,NASD
SEIS,NASD
SELF,NASD
SEMY,NASD
SENEA,NASD
SENEB,NASD
SENS,NASD
SEPN,NASD
SEPQ,NASD
SER,AMEX
SERA,NASD
SERV,NASD
SES,NYSE
SETM,NASD
SEUS,NASD
SEV,NASD
SEVN,NASD
SEZL,NASD
SF,NYSE
SFB,NYSE
SFBC,NASD
SFBS,NYSE
SFD,NASD
SFHG,NASD
SFIX,NASD
SFL,NYSE
SFLO,NASD
SFM,NASD
SFNC,NASD
SFST,NASD
SFWL,NASD
SG,NYSE
SGA,NASD
SGC,NASD
SGHC,NYSE
SGHT,NASD
SGI,NYSE
SGLY,NASD
SGML,NASD
SGMT,NASD
SGOV,NYSE
SGP,NASD
SGRY,NASD
SGU,NYSE
SGVA,NASD
SHAK,NYSE
SHAZ,NASD
SHBI,NASD
SHC,NASD
SHEL,NYSE
SHEN,NASD
SHFS,NASD
SHFSW,NASD
SHG,NYSE
SHIM,NASD
SHIP,NASD
SHLS,NASD
SHMD,NASD
SHMDW,NASD
SHO,NYSE
SHOC,NYSE
SHOE,NASD
SHOO,NASD
SHOP,NASD
SHOT,NASD
SHOTR,NASD
SHOTU,NASD
SHPH,NASD
SHPU,NASD
SHRY,NASD
SHV,NYSE
SHW,NYSE
SHY,NASD
SI,NYSE
SIBN,NASD
SID,NYSE
SIDU,NASD
SIEB,NASD
SIF,AMEX
SIFY,NASD
SIG,NYSE
SIGA,NASD
SIGI,NASD
SIGIP,NASD
SII,NYSE
SILC,NASD
SILO,NASD
SIM,AMEX
SIMA,NASD
SIMAU,NASD
SIMAW,NASD
SIMO,NASD
SIND,NYSE
SINT,NASD
SION,NASD
SIRI,NASD
SITC,NYSE
SITE,NYSE
SITM,NASD
SJ,NASD
SJCP,NASD
SJLD,NASD
SJM,NYSE
SJT,NYSE
SKDD,NASD
SKE,NYSE
SKHY,NASD
SKIL,NYSE
SKIN,NASD
SKK,NASD
SKM,NYSE
SKOR,NASD
SKRE,NASD
SKT,NYSE
SKUU,NASD
SKWD,NASD
SKY,NYSE
SKYA,NASD
SKYAW,NASD
SKYE,NASD
SKYH,NYSE
SKYH.W,NYSE
SKYQ,NASD
SKYU,NASD
SKYW,NASD
SKYX,NASD
SKYY,NASD
SLAB,NASD
SLB,NYSE
SLBT,NASD
SLDB,NASD
SLDE,NASD
SLDP,NASD
SLDPW,NASD
SLE,NASD
SLF,NYSE
SLG,NYSE
SLGB,NASD
SLGL,NASD
SLGN,NYSE
SLI,AMEX
SLM,NASD
SLMBP,NASD
SLMT,NASD
SLN,NASD
SLND,AMEX
SLND.W,AMEX
SLNG,NASD
SLNH,NASD
SLNHP,NASD
SLNZ,NYSE
SLP,NASD
SLQD,NASD
SLQT,NYSE
SLRC,NASD
SLS,NASD
SLSN,NASD
SLSR,AMEX
SLVM,NYSE
SLVO,NASD
SLVR,NASD
SLXN,NASD
SLXNW,NASD
SM,NYSE
SMA,NYSE
SMBC,NASD
SMBK,NYSE
SMC,NYSE
SMCF,NASD
SMCI,NASD
SMCIP,NASD
SMCL,NASD
SMCO,NASD
SMCX,NASD
SMCZ,NASD
SMFG,NYSE
SMG,NYSE
SMH,NASD
SMHC,NASD
SMHI,NYSE
SMHX,NASD
SMID,NASD
SMJF,AMEX
SMMT,NASD
SMOM,NASD
SMP,NYSE
SMPL,NASD
SMR,NYSE
SMRI,NASD
SMRT,NYSE
SMSI,NASD
SMST,NASD
SMTC,NASD
SMTI,NASD
SMTK,NASD
SMWB,NYSE
SMX,NASD
SMXT,NASD
SMXWW,NASD
SMYY,NASD
SN,NYSE
SNA,NYSE
SNAG,NASD
SNAL,NASD
SNAP,NYSE
SND,NASD
SNDA,NYSE
SNDK,NASD
SNDL,NASD
SNDR,NYSE
SNDX,NASD
SNES,NASD
SNEX,NASD
SNFCA,NASD
SNGX,NASD
SNN,NYSE
SNOA,NASD
SNOW,NYSE
SNPS,NASD
SNSC,AMEX
SNSR,NASD
SNT,NASD
SNTG,NASD
SNTI,NASD
SNWV,NASD
SNX,NYSE
SNY,NASD
SNYR,NASD
SO,NYSE
SOAR,AMEX
SOBO,NYSE
SOBR,NASD
SOC,NYSE
SOCA,NASD
SOCAU,NASD
SOCAW,NASD
SOCL,NASD
SOFA,NASD
SOFI,NASD
SOFX,NASD
SOGP,NASD
SOHU,NASD
SOJC,NYSE
SOJD,NYSE
SOJE,NYSE
SOJF,NYSE
SOLC,NASD
SOLS,NASD
SOLT,NASD
SOLV,NYSE
SOLZ,NASD
SOMN,NYSE
SON,NYSE
SONM,NASD
SONO,NASD
SONY,NYSE
SOPH,NASD
SOR,NYSE
SORA,NASD
SORN,NASD
SORNU,NASD
SORNW,NASD
SOS,NYSE
SOTK,NASD
SOUL,NYSE
SOUL.R,NYSE
SOUL.U,NYSE
SOUN,NASD
SOUNW,NASD
SOUX,NASD
SOWG,NASD
SOXQ,NASD
SOXX,NASD
SPAI,NASD
SPAM,NASD
SPAQ,NASD
SPB,NYSE
SPBC,NASD
SPCB,NASD
SPCE,NYSE
SPCK,NASD
SPCT,NASD
SPCX,NASD
SPE,NYSE
SPEG,NASD
SPEGR,NASD
SPEGU,NASD
SPFI,NASD
SPG,NYSE
SPGI,NYSE
SPH,NYSE
SPHL,NASD
SPHR,NYSE
SPIR,NYSE
SPIT,NASD
SPKL,NASD
SPKLU,NASD
SPKLW,NASD
SPMA,NYSE
SPMC,NYSE
SPME,NYSE
SPNT,NYSE
SPOG,NASD
SPOK,NASD
SPOT,NYSE
SPPL,NASD
SPRB,NASD
SPRC,NASD
SPRO,NASD
SPRU,NYSE
SPRX,NASD
SPRY,NASD
SPSC,NASD
SPT,NASD
SPTX,NASD
SPWH,NASD
SPWR,NASD
SPWRW,NASD
SPXC,NYSE
SPXD,NASD
SPXX,NYSE
SPYQ,NASD
SQFT,NASD
SQFTP,NASD
SQFTW,NASD
SQLV,NASD
SQM,NYSE
SQNS,NYSE
SQQQ,NASD
SQS,NASD
SR,NYSE
SRAD,NASD
SRBK,NASD
SRCE,NASD
SRE,NYSE
SREA,NYSE
SRET,NASD
SRFM,NYSE
SRG,NYSE
SRI,NYSE
SRJN,NYSE
SRL,NYSE
SRPT,NASD
SRRK,NASD
SRTA,NASD
SRTS,NASD
SRV,NYSE
SRXH,AMEX
SRZN,NASD
SSAC,NASD
SSACR,NASD
SSACU,NASD
SSACW,NASD
SSB,NYSE
SSBI,NASD
SSD,NYSE
SSEA,NASD
SSEAR,NASD
SSEAU,NASD
SSII,NASD
SSL,NYSE
SSM,NASD
SSMR,NYSE
SSNC,NASD
SSP,NASD
SSRM,NASD
SSS,NASD
SST,NYSE
SSTI,NASD
SSTK,NYSE
SSYS,NASD
ST,NYSE
STAA,NASD
STAG,NYSE
STAK,NASD
STBA,NASD
STC,NYSE
STDN,NYSE
STE,NYSE
STEM,NYSE
STEP,NASD
STEW,NYSE
STEX,NASD
STFS,NASD
STG,NYSE
STGW,NASD
STHO,NASD
STI,NASD
STIM,NASD
STK,NYSE
STKE,NASD
STKH,NASD
STKS,NASD
STLA,NYSE
STLD,NASD
STLN,NASD
STLNW,NASD
STM,NYSE
STN,NYSE
STNC,NASD
STNE,NASD
STNG,NYSE
STOK,NASD
STRA,NASD
STRC,NASD
STRD,NASD
STRF,NASD
STRK,NASD
STRL,NASD
STRO,NASD
STRR,NASD
STRRP,NASD
STRT,NASD
STRW,AMEX
STRZ,NASD
STT,NYSE
STTK,NASD
STUB,NYSE
STVN,NYSE
STWD,NYSE
STX,NASD
STXD,NYSE
STXE,NYSE
STXF,NYSE
STXG,NYSE
STXK,NYSE
STXS,AMEX
STXT,NYSE
STXV,NYSE
STZ,NYSE
SU,NYSE
SUGP,NASD
SUI,NYSE
SUIG,NASD
SUIS,NASD
SUJA,NASD
SUMA,NASD
SUMAR,NASD
SUMAU,NASD
SUN,NYSE
SUNB,NYSE
SUNC,NYSE
SUNE,NASD
SUNS,NASD
SUPN,NASD
SUPP,NASD
SUPV,NYSE
SUPX,NASD
SURG,NASD
SUSB,NASD
SUSC,NASD
SUSL,NASD
SUZ,NYSE
SVA,NASD
SVAQ,NASD
SVAQU,NASD
SVAQW,NASD
SVC,NASD
SVCC,NASD
SVCCU,NASD
SVCCW,NASD
SVCO,NASD
SVIV,NASD
SVIVU,NASD
SVIVW,NASD
SVM,AMEX
SVRA,NASD
SVRE,NASD
SVREW,NASD
SVRN,NASD
SVV,NYSE
SW,NYSE
SWAG,NASD
SWAGW,NASD
SWBI,NASD
SWIM,NASD
SWK,NYSE
SWKHL,NASD
SWKS,NASD
SWMR,NASD
SWP,NASD
SWVL,NASD
SWVLW,NASD
SWX,NYSE
SWZ,NYSE
SXC,NYSE
SXI,NYSE
SXT,NYSE
SXTC,NASD
SXTP,NASD
SXTPW,NASD
SY,NASD
SYBT,NASD
SYF,NYSE
SYK,NYSE
SYM,NASD
SYNA,NASD
SYNX,AMEX
SYPR,NASD
SYRE,NASD
SYY,NYSE
SYZ,NASD
SZZL,NASD
SZZLR,NASD
SZZLU,NASD
T,NYSE
TAC,NYSE
TACH,NASD
TACHU,NASD
TACHW,NASD
TACO,NASD
TACOU,NASD
TACOW,NASD
TACT,NASD
TAK,NYSE
TAL,NYSE
TALO,NYSE
TANH,NASD
TAOP,NASD
TAOX,NASD
TAOZ,NASD
TAP,NYSE
TAP.A,NYSE
TARA,NASD
TARK,NASD
TARS,NASD
TASK,NASD
TATT,NASD
TAVI,NASD
TAVIR,NASD
TAVIU,NASD
TAX,NASD
TAXE,NASD
TAXI,NASD
TAXS,NASD
TAXT,NASD
TAYD,NASD
TBB,NYSE
TBBB,NYSE
TBBK,NASD
TBCH,NASD
TBCVU,NASD
TBI,NYSE
TBIL,NASD
TBLA,NASD
TBLD,NASD
TBLU,NYSE
TBN,NYSE
TBPH,NASD
TC,NASD
TCAI,NYSE
TCAN,NASD
TCBI,NASD
TCBIO,NASD
TCBK,NASD
TCBS,NASD
TCBX,NYSE
TCGX,NASD
TCHI,NASD
TCI,NYSE
TCMD,NASD
TCOM,NASD
TCPA,NYSE
TCPC,NASD
TCRT,NASD
TCRX,NASD
TCX,NASD
TD,NYSE
TDAC,NASD
TDACU,NASD
TDACW,NASD
TDAY,NYSE
TDC,NYSE
TDCL,NASD
TDF,NYSE
TDG,NYSE
TDI,NASD
TDIC,NASD
TDIV,NASD
TDOC,NYSE
TDOG,NASD
TDOT,NASD
TDS,NYSE
TDSB,NASD
TDSC,NASD
TDTH,NASD
TDUP,NASD
TDW,NYSE
TDWD,NASD
TDWDR,NASD
TDWDU,NASD
TDY,NYSE
TE,NYSE
TEAD,NASD
TEAM,NASD
TECH,NASD
TECK,NYSE
TECX,NASD
TECY,NASD
TEI,NYSE
TEKX,NASD
TEKY,NASD
TEL,NYSE
TELA,NASD
TELO,NASD
TEM,NASD
TEN,NYSE
TENB,NASD
TENX,NASD
TEO,NYSE
TER,NASD
TERG,NASD
TEVA,NYSE
TEX,NYSE
TEXN,NASD
TEXX,NASD
TFC,NYSE
TFGZ,NASD
TFII,NYSE
TFIN,NYSE
TFNS,NASD
TFPM,NYSE
TFSL,NASD
TFX,NYSE
TG,NYSE
TGB,AMEX
TGE,NYSE
TGE.W,AMEX
TGEN,AMEX
TGHL,NASD
TGL,NASD
TGLS,NYSE
TGS,NYSE
TGT,NYSE
TGTX,NASD
TH,NASD
THC,NYSE
THCH,NASD
THEO,NASD
THEOR,NASD
THEOU,NASD
THFF,NASD
THG,NYSE
THH,NASD
THIR,NYSE
THLV,NYSE
THM,AMEX
THMR,NYSE
THMZ,NASD
THO,NYSE
THQ,NYSE
THRM,NASD
THRV,NASD
THRY,NASD
THW,NYSE
THYM,NASD
THYP,NASD
TIC,NYSE
TIGO,NASD
TIGR,NASD
TIH,NASD
TII,AMEX
TIL,NASD
TILC,NASD
TILE,NASD
TIMB,NYSE
TIPT,NASD
TISC,NASD
TISI,NYSE
TITN,NASD
TJGC,NASD
TJX,NYSE
TK,NYSE
TKC,NYSE
TKLF,NASD
TKNO,NASD
TKNS,NASD
TKO,NYSE
TKR,NYSE
TLA,NASD
TLF,NASD
TLG,NASD
TLIH,NASD
TLK,NYSE
TLN,NASD
TLNC,NASD
TLNCU,NASD
TLNCW,NASD
TLPH,NASD
TLRY,NASD
TLS,NASD
TLSA,NASD
TLSI,NASD
TLSIW,NASD
TLT,NASD
TLX,NASD
TLYS,NYSE
TM,NYSE
TMB,NASD
TMC,NASD
TMCI,NASD
TMCR,NASD
TMCWW,NASD
TMDE,AMEX
TMDX,NASD
TME,NYSE
TMED,NASD
TMNL,NASD
TMNS,NASD
TMO,NYSE
TMP,AMEX
TMQ,AMEX
TMS,NASD
TMSF,NASD
TMSWW,NASD
TMTS,NASD
TMTSU,NASD
TMTSW,NASD
TMUS,NASD
TMUSI,NASD
TMUSL,NASD
TMUSZ,NASD
TMYY,NASD
TNC,NYSE
TNDM,NASD
TNET,NYSE
TNGX,NASD
TNGY,NYSE
TNK,NYSE
TNL,NYSE
TNMG,NASD
TNON,NASD
TNONW,NASD
TNXP,NASD
TNXT,NASD
TNYA,NASD
TOL,NYSE
TOMZ,NASD
TONT,AMEX
TONT.U,AMEX
TONT.W,AMEX
TONX,NASD
TOON,AMEX
TOP,NASD
TOPP,AMEX
TOPS,AMEX
TORO,NASD
TOST,NYSE
TOUR,NASD
TOVX,AMEX
TOWN,NASD
TOYO,NASD
TP,AMEX
TPB,NYSE
TPC,NYSE
TPCS,NASD
TPET,AMEX
TPG,NASD
TPGXL,NASD
TPL,NYSE
TPLS,NASD
TPR,NYSE
TPST,NASD
TPTS,NYSE
TPVG,NYSE
TPYP,NYSE
TPZ,NYSE
TQQQ,NASD
TQQY,NASD
TR,NYSE
TRAD,NYSE
TRAD.R,NYSE
TRAD.U,NYSE
TRAK,NYSE
TRAW,NASD
TRAX,NASD
TRBF,NASD
TRC,NYSE
TRDA,NASD
TREE,NASD
TREO,NASD
TREX,NYSE
TRGP,NYSE
TRGS,NASD
TRGSR,NASD
TRGSU,NASD
TRI,NASD
TRIB,NASD
TRIN,NYSE
TRIP,NASD
TRLV,NYSE
TRMB,NASD
TRMD,NASD
TRMK,NASD
TRN,NYSE
TRNI,NYSE
TRNO,NYSE
TRNR,NASD
TRNS,NASD
TRNZ,NYSE
TRON,NASD
TROO,NASD
TROW,NASD
TROX,NYSE
TRP,NYSE
TRS,NASD
TRSG,NASD
TRST,NASD
TRT,AMEX
TRTX,NYSE
TRU,NYSE
TRUC,NASD
TRUD,NASD
TRUF,NASD
TRUG,NASD
TRUH,NASD
TRUI,NASD
TRUM,NASD
TRUN,NASD
TRUO,NASD
TRUP,NASD
TRUR,NASD
TRUT,NASD
TRUU,NASD
TRV,NYSE
TRVG,NASD
TRVI,NASD
TRX,AMEX
TS,NYSE
TSAT,NASD
TSBK,NASD
TSCM,NASD
TSCO,NASD
TSDD,NASD
TSEL,NASD
TSEM,NASD
TSHA,NASD
TSI,NYSE
TSL,NASD
TSLA,NASD
TSLG,NASD
TSLL,NASD
TSLQ,NASD
TSLR,NASD
TSLS,NASD
TSLX,NYSE
TSM,NYSE
TSMG,NASD
TSMU,NASD
TSMX,NASD
TSMZ,NASD
TSN,NYSE
TSPY,NASD
TSQ,NYSE
TSSI,NASD
TSUI,NASD
TSYX,NASD
TSYY,NASD
TT,NYSE
TTAM,NYSE
TTAN,NASD
TTC,NYSE
TTD,NASD
TTE,NYSE
TTEC,NASD
TTEK,NASD
TTEQ,NASD
TTGT,NASD
TTI,NYSE
TTMI,NASD
TTRX,NASD
TTWO,NASD
TU,NYSE
TUG,NASD
TULP,NASD
TUR,NASD
TURB,NASD
TURF,NASD
TUSK,NASD
TUYA,NYSE
TV,NYSE
TVA,NASD
TVACU,NASD
TVACW,NASD
TVAI,NASD
TVAIR,NASD
TVAIU,NASD
TVC,NYSE
TVE,NYSE
TVGN,NASD
TVGNW,NASD
TVIV,NASD
TVIVU,NASD
TVIVW,NASD
TVRD,NASD
TVTX,NASD
TW,NASD
TWAV,NASD
TWFG,NASD
TWG,NASD
TWI,NYSE
TWIN,NASD
TWLO,NYSE
TWLV,NASD
TWLVR,NASD
TWLVU,NASD
TWN,NYSE
TWO,NYSE
TWOD,NYSE
TWST,NASD
TX,NYSE
TXG,NASD
TXMD,NASD
TXN,NASD
TXNM,NYSE
TXO,NYSE
TXRH,NASD
TXT,NYSE
TXUE,NASD
TXUG,NASD
TXXD,NASD
TXXH,NASD
TXXS,NASD
TY,NYSE
TYG,NYSE
TYGO,NASD
TYL,NYSE
TYRA,NASD
TZOO,NASD
U,NYSE
UA,NYSE
UAA,NYSE
UAC,AMEX
UAC.U,AMEX
UAC.W,AMEX
UAE,NASD
UAL,NASD
UAMY,NYSE
UAN,NYSE
UAVS,AMEX
UBCP,NASD
UBER,NYSE
UBND,NASD
UBRL,NASD
UBS,NYSE
UBSI,NASD
UCAR,NASD
UCB,NYSE
UCFI,NASD
UCFIW,NASD
UCL,NASD
UCRD,NASD
UCTT,NASD
UCYB,NASD
UDR,NYSE
UE,NYSE
UEC,AMEX
UECG,NASD
UEIC,NASD
UEVM,NASD
UFCS,NASD
UFG,NASD
UFI,NYSE
UFIV,NASD
UFO,NASD
UFOX,NASD
UFPI,NASD
UFPT,NASD
UG,NASD
UGI,NYSE
UGP,NYSE
UHAL,NYSE
UHAL.B,NYSE
UHS,NYSE
UHT,NYSE
UI,NYSE
UIS,NYSE
UITB,NASD
UIVM,NASD
UK,NASD
UL,NYSE
ULBI,NASD
ULCC,NASD
ULH,NASD
ULS,NYSE
ULTA,NASD
ULTI,NASD
ULVM,NASD
UMAC,AMEX
UMBF,NASD
UMBFO,NASD
UMC,NYSE
UMH,NYSE
UMMA,NASD
UNB,NASD
UNCY,NASD
UNF,NYSE
UNFI,NYSE
UNH,NYSE
UNHG,NASD
UNIT,NASD
UNIY,NASD
UNM,NYSE
UNMA,NYSE
UNP,NYSE
UNTY,NASD
UONE,NASD
UONEK,NASD
UP,NYSE
UPB,NASD
UPBD,NASD
UPC,NASD
UPGR,NASD
UPLD,NASD
UPS,NYSE
UPST,NASD
UPWK,NASD
UPXI,NASD
URBN,NASD
URG,AMEX
URGN,NASD
URI,NYSE
URNJ,NASD
UROY,NASD
USA,NYSE
USAC,NYSE
USAF,NASD
USAR,NASD
USAS,AMEX
USAU,NASD
USB,NYSE
USBC,AMEX
USCB,NASD
USCL,NASD
USDE,NASD
USDEW,NASD
USDX,NASD
USEA,NASD
USFD,NYSE
USFI,NASD
USGG,NASD
USGO,NASD
USIG,NASD
USIN,NASD
USIO,NASD
USLM,NASD
USMC,NASD
USNA,NYSE
USOI,NASD
USOY,NASD
USPH,NYSE
USSH,NASD
USTB,NASD
USVM,NASD
USVN,NASD
USXF,NASD
UTEN,NASD
UTF,NYSE
UTG,AMEX
UTHR,NASD
UTHY,NASD
UTI,NYSE
UTL,NYSE
UTMD,NASD
UTRE,NASD
UTSI,NASD
UTWO,NASD
UTWY,NASD
UTZ,NYSE
UUU,AMEX
UUUG,NASD
UUUU,AMEX
UVE,NYSE
UVSP,NASD
UVV,NYSE
UWMC,NYSE
UXIN,NASD
UYLD,NASD
UYSC,NASD
UYSCR,NASD
UYSCU,NASD
UZD,NYSE
UZE,NYSE
UZF,NYSE
UZX,NASD
V,NYSE
VABK,NASD
VAC,NYSE
VACI,NYSE
VACI.U,NYSE
VACI.W,NYSE
VAL,NYSE
VAL.W,NYSE
VALE,NYSE
VALG,NASD
VALN,NASD
VALU,NASD
VANI,NASD
VATE,NYSE
VAVX,NASD
VBCA,NASD
VBCB,NASD
VBCC,NASD
VBCD,NASD
VBCE,NASD
VBCF,NASD
VBCG,NASD
VBCH,NASD
VBCI,NASD
VBCJ,NASD
VBF,NYSE
VBIL,NASD
VBIO,NASD
VBNB,NASD
VBNK,NASD
VC,NASD
VCEL,NASD
VCIG,NASD
VCIT,NASD
VCLT,NASD
VCRB,NASD
VCRE,NASD
VCSH,NASD
VCTR,NASD
VCV,NYSE
VCX,NYSE
VCYT,NASD
VECA,NYSE
VECA.R,NYSE
VECA.U,NYSE
VECO,NASD
VEEA,NASD
VEEAW,NASD
VEEE,NASD
VEEV,NYSE
VEFA,NASD
VEL,NYSE
VELO,NASD
VENU,AMEX
VEON,NASD
VERA,NASD
VERI,NASD
VERU,NASD
VERX,NASD
VET,NYSE
VFC,NYSE
VFF,NASD
VFLO,NASD
VFS,NASD
VFSWW,NASD
VG,NYSE
VGAS,NASD
VGASW,NASD
VGI,NYSE
VGIT,NASD
VGLT,NASD
VGM,NYSE
VGNT,NYSE
VGSH,NASD
VGSR,NASD
VGUS,NASD
VGZ,AMEX
VHC,NASD
VHCP,NASD
VHCPU,NASD
VHCPW,NASD
VHI,NYSE
VHUB,NASD
VIA,NYSE
VIAV,NASD
VICI,NYSE
VICR,NASD
VIDA,AMEX
VIGI,NASD
VII,NYSE
VII.U,NYSE
VII.W,NYSE
VIK,NYSE
VINP,NASD
VIOT,NASD
VIP,NASD
VIPS,NYSE
VIR,NASD
VIRC,NASD
VIRT,NYSE
VISN,NASD
VIST,NYSE
VITL,NASD
VIV,NYSE
VIVK,NASD
VIVO,NASD
VIVS,NASD
VKI,AMEX
VKQ,NYSE
VKTX,NASD
VLGEA,NASD
VLN,NYSE
VLO,NYSE
VLOS,NASD
VLOSU,NASD
VLOSW,NASD
VLRS,NYSE
VLT,NYSE
VLTO,NYSE
VLY,NASD
VLYPN,NASD
VLYPO,NASD
VLYPP,NASD
VMAR,NASD
VMBS,NASD
VMC,NYSE
VMD,NASD
VMET,NASD
VMI,NYSE
VMO,NYSE
VMRK,NYSE
VNCE,NASD
VNDA,NASD
VNET,NASD
VNME,NASD
VNMEU,NASD
VNMEW,NASD
VNO,NYSE
VNOM,NASD
VNQI,NASD
VNRX,AMEX
VNT,NYSE
VNTG,AMEX
VOC,NYSE
VOD,NASD
VOGX,NASD
VOLT,NASD
VONE,NASD
VONG,NASD
VONV,NASD
VOR,NASD
VOTE,NASD
VOXR,NASD
VOYA,NYSE
VOYG,NYSE
VPG,NYSE
VPLS,NASD
VPV,NYSE
VRA,NASD
VRAX,NASD
VRCA,NASD
VRDN,NASD
VREX,NASD
VRIG,NASD
VRM,NASD
VRME,NASD
VRNS,NASD
VRRM,NASD
VRSK,NASD
VRSN,NASD
VRT,NYSE
VRTL,NASD
VRTS,NYSE
VRTX,NASD
VRXA,NASD
VRXAW,NASD
VS,NASD
VSA,NASD
VSAT,NASD
VSDA,NASD
VSEC,NASD
VSECU,NASD
VSH,NYSE
VSME,NASD
VSMV,NASD
VSNT,NASD
VSOL,NASD
VST,NYSE
VSTL,NASD
VSTM,NASD
VSTS,NYSE
VSXY,NYSE
VTAK,AMEX
VTC,NASD
VTEX,NYSE
VTGN,NASD
VTHR,NASD
VTIP,NASD
VTIX,NASD
VTMX,NYSE
VTN,NYSE
VTOL,NYSE
VTR,NYSE
VTRS,NASD
VTS,NYSE
VTSI,NASD
VTVT,NASD
VTWG,NASD
VTWO,NASD
VTWV,NASD
VUZI,NASD
VVOS,NASD
VVR,NYSE
VVV,NYSE
VVX,NYSE
VWAV,NASD
VWAVW,NASD
VWOB,NASD
VXUS,NASD
VYGR,NASD
VYMI,NASD
VYX,NYSE
VZ,NYSE
VZLA,AMEX
W,NYSE
WAB,NYSE
WABC,NASD
WABF,NASD
WAFD,NASD
WAFDP,NASD
WAFU,NASD
WAL,NYSE
WALD,NASD
WALDW,NASD
WAMA,NASD
WARP,NASD
WASH,NASD
WAT,NYSE
WATR,NASD
WATT,NASD
WAVE,NASD
WAY,NASD
WB,NASD
WBD,NASD
WBI,NYSE
WBIY,NYSE
WBTN,NASD
WBUY,NASD
WBX,NYSE
WCBR,NASD
WCC,NYSE
WCLD,NASD
WCN,NYSE
WCT,NASD
WD,NYSE
WDAF,NASD
WDAY,NASD
WDC,NASD
WDFC,NASD
WDGF,NASD
WDH,NYSE
WDI,NYSE
WDS,NYSE
WEA,NYSE
WEAV,NYSE
WEC,NYSE
WEEI,NASD
WELL,NYSE
WEN,NASD
WENC,NYSE
WENC.R,NYSE
WENC.U,NYSE
WENN,NASD
WENNU,NASD
WENNW,NASD
WERN,NASD
WES,NYSE
WEST,NASD
WETH,NASD
WETO,NASD
WEX,NYSE
WEYS,NASD
WF,NYSE
WFC,NYSE
WFCF,NASD
WFF,NASD
WFG,NYSE
WFRD,NASD
WGMI,NASD
WGO,NYSE
WGS,NASD
WH,NYSE
WHD,NYSE
WHF,NASD
WHFCL,NASD
WHG,NYSE
WHK,NYSE
WHLR,NASD
WHLRD,NASD
WHLRL,NASD
WHLRP,NASD
WHR,NYSE
WHWK,NASD
WIA,NYSE
WILC,NASD
WIMA,NASD
WIMI,NASD
WINA,NASD
WING,NASD
WINN,NYSE
WISE,NASD
WIT,NYSE
WIW,NYSE
WIX,NASD
WK,NYSE
WKC,NYSE
WKEY,NASD
WKHS,NASD
WKSP,NASD
WLCO,NASD
WLCOU,NASD
WLCOW,NASD
WLDN,NASD
WLDS,NASD
WLDSW,NASD
WLFC,NASD
WLII,NASD
WLIIU,NASD
WLIIW,NASD
WLK,NYSE
WLKP,NYSE
WLTG,NYSE
WLTH,NASD
WLY,NYSE
WLYB,NYSE
WM,NYSE
WMB,NYSE
WMG,NASD
WMK,NYSE
WMS,NYSE
WMT,NASD
WNC,NYSE
WNEB,NASD
WNW,NASD
WOK,NASD
WOLF,NYSE
WOOD,NASD
WOOF,NASD
WOR,NYSE
WPAC,NYSE
WPAC.R,NYSE
WPAC.U,NYSE
WPC,NYSE
WPM,NYSE
WPP,NYSE
WPRT,NASD
WRAP,NASD
WRB,NYSE
WRBY,NYSE
WRD,NASD
WRLD,NASD
WRN,AMEX
WRND,NASD
WRTH,NASD
WS,NYSE
WSBC,NASD
WSBCO,NASD
WSBF,NASD
WSBK,NASD
WSC,NASD
WSE,NASD
WSFS,NASD
WSGE,NASD
WSHP,NASD
WSM,NYSE
WSML,NASD
WSO,NYSE
WSO.B,NYSE
WSPC,NASD
WST,NYSE
WSTN,NASD
WSTNR,NASD
WSTNU,NASD
WT,NYSE
WTBA,NASD
WTBN,NASD
WTF,NASD
WTFC,NASD
WTFCN,NASD
WTG,NASD
WTGUR,NASD
WTGUU,NASD
WTI,NYSE
WTIP,NASD
WTM,NYSE
WTMU,NASD
WTMY,NASD
WTRG,NYSE
WTS,NYSE
WTTR,NYSE
WTW,NASD
WU,NYSE
WULF,NASD
WVE,NASD
WVVI,NASD
WVVIP,NASD
WW,NASD
WWD,NASD
WWR,AMEX
WWW,NYSE
WXM,NASD
WY,NYSE
WYFI,NASD
WYHG,NASD
WYNN,NASD
WYY,AMEX
XAIR,NASD
XAIX,NASD
XBCI,NASD
XBIL,NASD
XBIO,NASD
XBIT,NASD
XBP,NASD
XBPEW,NASD
XBTY,NASD
XCBE,NASD
XCBEU,NASD
XCBEW,NASD
XCH,NASD
XCNY,NASD
XCSH,NASD
XCUR,NASD
XDEF,NASD
XE,NASD
XEL,NASD
XELB,NASD
XELLL,NASD
XENE,NASD
XERS,NASD
XEY,NASD
XFLH,NYSE
XFLH.R,NYSE
XFLH.U,NYSE
XFLT,NYSE
XFOR,NASD
XGN,NASD
XHG,NASD
XHLD,NASD
XHR,NYSE
XIFR,NYSE
XIIIU,NASD
XLO,NASD
XMAG,NASD
XMAX,NASD
XMTR,NASD
XNCR,NASD
XNDU,NASD
XNET,NASD
XOM,NYSE
XOMX,NASD
XOS,NASD
XOVR,NASD
XP,NASD
XPEG,NASD
XPEL,NASD
XPER,NYSE
XPEV,NYSE
XPL,AMEX
XPO,NYSE
XPOF,NYSE
XPON,NASD
XPRO,NYSE
XQQI,NASD
XRAY,NASD
XRN,NYSE
XRPC,NASD
XRPI,NASD
XRPN,NASD
XRPNU,NASD
XRPNW,NASD
XRPT,NASD
XRTX,NASD
XRX,NASD
XRXDW,NASD
XSLL,NASD
XSLLU,NASD
XSLLW,NASD
XSPC,NASD
XSPI,NASD
XT,NASD
XTERU,NASD
XTIA,NASD
XTLB,NASD
XTNT,AMEX
XWEL,NASD
XXI,NYSE
XXII,NASD
XXX,NASD
XYF,NYSE
XYL,NYSE
XYZ,NYSE
XYZG,NASD
XZO,NYSE
YAAS,NASD
YALA,NYSE
YARW,NASD
YB,NASD
YBST,NASD
YBTY,NASD
YCBD,AMEX
YCY,NYSE
YCY.U,NYSE
YCY.W,NYSE
YDDL,NASD
YDES,NASD
YDESW,NASD
YDKG,NASD
YELP,NYSE
YETI,NYSE
YEXT,NYSE
YHC,NASD
YHGJ,NASD
YHNA,NASD
YHNAR,NASD
YHNAU,NASD
YI,NASD
YIBO,NASD
YICC,NASD
YICCU,NASD
YICCW,NASD
YJ,NASD
YLDE,NASD
YMAT,NASD
YMM,NYSE
YMT,NASD
YNOT,NASD
YOKE,NASD
YORW,NASD
YOU,NYSE
YOUL,NASD
YPF,NYSE
YQ,NASD
YQQQ,NASD
YRD,NYSE
YSAG,NASD
YSAU,NASD
YSG,NYSE
YSPY,NASD
YSS,NYSE
YSWY,NASD
YSXT,NASD
YTRA,NASD
YUM,NYSE
YUMC,NYSE
YXT,NASD
YYAI,NASD
YYGH,NASD
Z,NASD
ZAP,NASD
ZBAO,NASD
ZBH,NYSE
ZBIO,NASD
ZBRA,NASD
ZCMD,NASD
ZD,NASD
ZDAI,NASD
ZDGE,AMEX
ZENA,NASD
ZEO,NASD
ZEOWW,NASD
ZEPP,NYSE
ZETA,NYSE
ZG,NASD
ZGN,NYSE
ZH,NYSE
ZHOG,NASD
ZIM,NYSE
ZION,NASD
ZIONP,NASD
ZIP,NYSE
ZJK,NASD
ZJYL,NASD
ZKH,NYSE
ZKIN,NASD
ZKP,NASD
ZKPU,NASD
ZKPW,NASD
ZLAB,NASD
ZM,NASD
ZMUN,NASD
ZNB,NASD
ZNTL,NASD
ZONE,AMEX
ZOOZ,NASD
ZOOZW,NASD
ZS,NASD
ZSQR,NASD
ZSTK,NASD
ZTEK,NASD
ZTEN,NASD
ZTG,NASD
ZTO,NYSE
ZTOP,NASD
ZTR,NYSE
ZTRE,NASD
ZTS,NYSE
ZTWO,NASD
ZUMZ,NASD
ZURA,NASD
ZVIA,NYSE
ZVRA,NASD
ZWS,NYSE
ZYBT,NASD
ZYME,NASD
